cpu_start,cpu_end,global_tid,api,global_pid,context,stream,correlation,gpu_start,gpu_end,gpu_union_ns,kernels,activities
1033874978,1034150874,306899926327367,cudaGraphLaunch_v10000,306899924811776,1,14,14401,1033909152,1036337504,2171772,306,309
1038616905,1038797466,306899926327367,cudaGraphLaunch_v10000,306899924811776,1,14,14406,1038631806,1043097113,4285465,306,309
1043175576,1043370776,306899926327367,cudaGraphLaunch_v10000,306899924811776,1,14,14411,1043190778,1048072795,4689982,306,309
1048152726,1048359121,306899926327367,cudaGraphLaunch_v10000,306899924811776,1,14,14416,1048167132,1049556462,1186192,276,280
1049638608,1049812776,306899926327367,cudaGraphLaunch_v10000,306899924811776,1,14,14421,1049651119,1051006305,1177999,276,280
1055004455,1055185110,306899926327367,cudaGraphLaunch_v10000,306899924811776,1,14,14426,1055017974,1060404957,5205669,306,309
1060517965,1060699123,306899926327367,cudaGraphLaunch_v10000,306899924811776,1,14,14431,1060531102,1064360689,3643792,306,309
1064478902,1064638172,306899926327367,cudaGraphLaunch_v10000,306899924811776,1,14,14436,1064486674,1069898490,5245573,306,309
1070025896,1070189502,306899926327367,cudaGraphLaunch_v10000,306899924811776,1,14,14441,1070031675,1075522435,5318598,306,309
1075654536,1075798531,306899926327367,cudaGraphLaunch_v10000,306899924811776,1,14,14446,1075661541,1079231348,3414285,306,309
1079355371,1079513287,306899926327367,cudaGraphLaunch_v10000,306899924811776,1,14,14451,1079361334,1080766152,1237071,276,280
1080891074,1081035231,306899926327367,cudaGraphLaunch_v10000,306899924811776,1,14,14456,1080898218,1082287868,1236016,276,280
1082401243,1082529836,306899926327367,cudaGraphLaunch_v10000,306899924811776,1,14,14461,1082407646,1083782064,1238320,276,280
1083887442,1084011125,306899926327367,cudaGraphLaunch_v10000,306899924811776,1,14,14466,1083893234,1085262596,1235695,276,280
1085358557,1085480655,306899926327367,cudaGraphLaunch_v10000,306899924811776,1,14,14471,1085363749,1086731063,1230897,276,280
1086820666,1086937811,306899926327367,cudaGraphLaunch_v10000,306899924811776,1,14,14476,1086825496,1088190250,1238448,276,280
1088282181,1088399222,306899926327367,cudaGraphLaunch_v10000,306899924811776,1,14,14481,1088286955,1089649469,1234287,276,280
1089763768,1089884031,306899926327367,cudaGraphLaunch_v10000,306899924811776,1,14,14486,1089769183,1091136529,1234704,276,280
1091248165,1091367570,306899926327367,cudaGraphLaunch_v10000,306899924811776,1,14,14491,1091253394,1092619108,1234288,276,280
1092732396,1092849160,306899926327367,cudaGraphLaunch_v10000,306899924811776,1,14,14496,1092736934,1094101880,1232465,276,280
1094352159,1094482886,306899926327367,cudaGraphLaunch_v10000,306899924811776,1,14,14501,1094356251,1095735309,1236944,276,280
1095835154,1095972557,306899926327367,cudaGraphLaunch_v10000,306899924811776,1,14,14506,1095839695,1097224225,1235409,276,280
1097335134,1097473651,306899926327367,cudaGraphLaunch_v10000,306899924811776,1,14,14511,1097341090,1098725493,1237648,276,280
1098839680,1098962649,306899926327367,cudaGraphLaunch_v10000,306899924811776,1,14,14516,1098845494,1100214216,1236912,276,280
1100317315,1100460369,306899926327367,cudaGraphLaunch_v10000,306899924811776,1,14,14521,1100322154,1101711452,1237264,276,280
1101823120,1101977844,306899926327367,cudaGraphLaunch_v10000,306899924811776,1,14,14526,1101828061,1103228944,1236561,276,280
1103330560,1103459456,306899926327367,cudaGraphLaunch_v10000,306899924811776,1,14,14531,1103336337,1104712739,1238767,276,280
1104822423,1104956937,306899926327367,cudaGraphLaunch_v10000,306899924811776,1,14,14536,1104827877,1106209815,1239600,276,280
1106331171,1106486424,306899926327367,cudaGraphLaunch_v10000,306899924811776,1,14,14541,1106339353,1107738699,1238544,276,280
1107979802,1108121957,306899926327367,cudaGraphLaunch_v10000,306899924811776,1,14,14546,1107985198,1109383265,1241233,276,280
1109487859,1109627455,306899926327367,cudaGraphLaunch_v10000,306899924811776,1,14,14551,1109494050,1110880468,1238128,276,280
1110992912,1111117003,306899926327367,cudaGraphLaunch_v10000,306899924811776,1,14,14556,1110997846,1112370280,1237969,276,280
1112489779,1112626782,306899926327367,cudaGraphLaunch_v10000,306899924811776,1,14,14561,1112494954,1113878748,1237681,276,280
1114483009,1114675986,306899926327367,cudaGraphLaunch_v10000,306899924811776,1,14,14566,1114491044,1118297270,3605040,306,309
1118435998,1118605275,306899926327367,cudaGraphLaunch_v10000,306899924811776,1,14,14571,1118441496,1119856970,1237744,276,280
1121114872,1121284925,306899926327367,cudaGraphLaunch_v10000,306899924811776,1,14,14576,1121123483,1125987803,4684254,306,309
1126145466,1126312007,306899926327367,cudaGraphLaunch_v10000,306899924811776,1,14,14581,1126152541,1127583152,1256241,276,280
1127721739,1127859597,306899926327367,cudaGraphLaunch_v10000,306899924811776,1,14,14586,1127728978,1129128292,1256496,276,280
1129259589,1129386187,306899926327367,cudaGraphLaunch_v10000,306899924811776,1,14,14591,1129264678,1130637656,1237296,276,280
1132847081,1133027619,306899926327367,cudaGraphLaunch_v10000,306899924811776,1,14,14596,1132857909,1138307741,5266469,306,309
1138511348,1138705785,306899926327367,cudaGraphLaunch_v10000,306899924811776,1,14,14601,1138523936,1142139407,3417325,306,309
1142328178,1142503449,306899926327367,cudaGraphLaunch_v10000,306899924811776,1,14,14606,1142339282,1143771685,1258128,276,280
1143937897,1144150246,306899926327367,cudaGraphLaunch_v10000,306899924811776,1,14,14611,1143945831,1145418266,1255952,276,280
1145589284,1145737473,306899926327367,cudaGraphLaunch_v10000,306899924811776,1,14,14616,1145598813,1147007535,1253168,276,280
1147178989,1147325697,306899926327367,cudaGraphLaunch_v10000,306899924811776,1,14,14621,1147187058,1148593796,1255600,276,280
1148745565,1148880593,306899926327367,cudaGraphLaunch_v10000,306899924811776,1,14,14626,1148751558,1150148409,1256241,276,280
1150292192,1150432405,306899926327367,cudaGraphLaunch_v10000,306899924811776,1,14,14631,1150300155,1151700813,1256977,276,280
1151851289,1151993370,306899926327367,cudaGraphLaunch_v10000,306899924811776,1,14,14636,1151856783,1153269410,1263184,276,280
1153421285,1153570615,306899926327367,cudaGraphLaunch_v10000,306899924811776,1,14,14641,1153427844,1154840246,1256208,276,280
1154977212,1155124336,306899926327367,cudaGraphLaunch_v10000,306899924811776,1,14,14646,1154982840,1156402859,1261201,276,280
1156563449,1156718816,306899926327367,cudaGraphLaunch_v10000,306899924811776,1,14,14651,1156570125,1157988032,1256528,276,280
1158141117,1158289170,306899926327367,cudaGraphLaunch_v10000,306899924811776,1,14,14656,1158146914,1159558900,1257168,276,280
1159715603,1159850431,306899926327367,cudaGraphLaunch_v10000,306899924811776,1,14,14661,1159723095,1161129705,1259729,276,280
1161283895,1161411768,306899926327367,cudaGraphLaunch_v10000,306899924811776,1,14,14666,1161289483,1162690302,1263312,276,280
1162870600,1163012697,306899926327367,cudaGraphLaunch_v10000,306899924811776,1,14,14671,1162879936,1164287795,1263088,276,280
1164439095,1164564518,306899926327367,cudaGraphLaunch_v10000,306899924811776,1,14,14676,1164444309,1165841223,1264497,276,280
1165991405,1166116528,306899926327367,cudaGraphLaunch_v10000,306899924811776,1,14,14681,1165996553,1167394843,1265903,276,280
1167535284,1167662965,306899926327367,cudaGraphLaunch_v10000,306899924811776,1,14,14686,1167540093,1168949072,1268273,276,280
1169090478,1169214809,306899926327367,cudaGraphLaunch_v10000,306899924811776,1,14,14691,1169095506,1170500644,1265136,276,280
1170646601,1170771142,306899926327367,cudaGraphLaunch_v10000,306899924811776,1,14,14696,1170651590,1172056057,1268689,276,280
1172190533,1172325972,306899926327367,cudaGraphLaunch_v10000,306899924811776,1,14,14701,1172195098,1173618701,1273074,276,280
1173753109,1173888232,306899926327367,cudaGraphLaunch_v10000,306899924811776,1,14,14706,1173757103,1175174050,1271473,276,280
1175309489,1175430934,306899926327367,cudaGraphLaunch_v10000,306899924811776,1,14,14711,1175314339,1176718454,1272242,276,280
1176860532,1176987383,306899926327367,cudaGraphLaunch_v10000,306899924811776,1,14,14716,1176865496,1178270858,1271504,276,280
1178413231,1178539263,306899926327367,cudaGraphLaunch_v10000,306899924811776,1,14,14721,1178418604,1179832415,1273872,276,280
1179992104,1180135050,306899926327367,cudaGraphLaunch_v10000,306899924811776,1,14,14726,1179997985,1181403252,1251088,276,280
1184182542,1184563566,306899926327367,cudaGraphLaunch_v10000,306899924811776,1,14,14731,1184198968,1189913891,5340325,306,309
1190094500,1190271117,306899926327367,cudaGraphLaunch_v10000,306899924811776,1,14,14736,1190104518,1194132027,3850835,306,309
1194289854,1194455925,306899926327367,cudaGraphLaunch_v10000,306899924811776,1,14,14741,1194296061,1195744592,1273393,276,280
1195903620,1196038194,306899926327367,cudaGraphLaunch_v10000,306899924811776,1,14,14746,1195909330,1197322437,1266065,276,280
1197464736,1197608040,306899926327367,cudaGraphLaunch_v10000,306899924811776,1,14,14751,1197469415,1198891353,1264720,276,280
1200102393,1200259844,306899926327367,cudaGraphLaunch_v10000,306899924811776,1,14,14756,1200111114,1205218797,4945505,306,309
1205389062,1205538751,306899926327367,cudaGraphLaunch_v10000,306899924811776,1,14,14761,1205394319,1206825410,1276177,276,280
1207409734,1207563881,306899926327367,cudaGraphLaunch_v10000,306899924811776,1,14,14766,1207417834,1211315773,3735024,306,309
1211486089,1211630099,306899926327367,cudaGraphLaunch_v10000,306899924811776,1,14,14771,1211491135,1212915154,1273200,276,280
1213073731,1213201851,306899926327367,cudaGraphLaunch_v10000,306899924811776,1,14,14776,1213078964,1214488007,1268912,276,280
1214653156,1214779535,306899926327367,cudaGraphLaunch_v10000,306899924811776,1,14,14781,1214658025,1216067003,1273009,276,280
1216220110,1216343900,306899926327367,cudaGraphLaunch_v10000,306899924811776,1,14,14786,1216225405,1217630704,1272337,276,280
1217767838,1217891351,306899926327367,cudaGraphLaunch_v10000,306899924811776,1,14,14791,1217772754,1219179012,1272081,276,280
1219326461,1219449461,306899926327367,cudaGraphLaunch_v10000,306899924811776,1,14,14796,1219331078,1220742681,1273166,276,280
1220888839,1221011137,306899926327367,cudaGraphLaunch_v10000,306899924811776,1,14,14801,1220894139,1222298157,1269297,276,280
1222440687,1222563414,306899926327367,cudaGraphLaunch_v10000,306899924811776,1,14,14806,1222445391,1223855650,1274449,276,280
1224006499,1224131420,306899926327367,cudaGraphLaunch_v10000,306899924811776,1,14,14811,1224011300,1225419350,1275249,276,280
1225580415,1225713993,306899926327367,cudaGraphLaunch_v10000,306899924811776,1,14,14816,1225586360,1227007563,1274769,276,280
1227156326,1227281885,306899926327367,cudaGraphLaunch_v10000,306899924811776,1,14,14821,1227161293,1228567168,1270735,276,280
1228722572,1228862256,306899926327367,cudaGraphLaunch_v10000,306899924811776,1,14,14826,1228727874,1230149236,1271984,276,280
1230299219,1230434155,306899926327367,cudaGraphLaunch_v10000,306899924811776,1,14,14831,1230303798,1231724169,1275313,276,280
1231879871,1232016401,306899926327367,cudaGraphLaunch_v10000,306899924811776,1,14,14836,1231884747,1233309342,1278577,276,280
1233470064,1233598754,306899926327367,cudaGraphLaunch_v10000,306899924811776,1,14,14841,1233474976,1234894515,1275313,276,280
1235056392,1235196389,306899926327367,cudaGraphLaunch_v10000,306899924811776,1,14,14846,1235061141,1236492168,1277937,276,280
1236651327,1236773957,306899926327367,cudaGraphLaunch_v10000,306899924811776,1,14,14851,1236656234,1238070109,1279312,276,280
1238213740,1238332445,306899926327367,cudaGraphLaunch_v10000,306899924811776,1,14,14856,1238217919,1239627633,1277328,276,280
1239787873,1239904966,306899926327367,cudaGraphLaunch_v10000,306899924811776,1,14,14861,1239792659,1241207558,1283024,276,280
1241357169,1241476593,306899926327367,cudaGraphLaunch_v10000,306899924811776,1,14,14866,1241361512,1242769242,1278865,276,280
1242913671,1243031183,306899926327367,cudaGraphLaunch_v10000,306899924811776,1,14,14871,1242917788,1244332975,1282545,276,280
1244462987,1244583523,306899926327367,cudaGraphLaunch_v10000,306899924811776,1,14,14876,1244467345,1245885283,1283345,276,280
1246029474,1246147094,306899926327367,cudaGraphLaunch_v10000,306899924811776,1,14,14881,1246033957,1247440760,1281073,276,280
1247600784,1247716913,306899926327367,cudaGraphLaunch_v10000,306899924811776,1,14,14886,1247605018,1249009516,1276369,276,280
1250304729,1250478223,306899926327367,cudaGraphLaunch_v10000,306899924811776,1,14,14891,1250314078,1255516194,5023330,306,309
1255702973,1255840074,306899926327367,cudaGraphLaunch_v10000,306899924811776,1,14,14896,1255708196,1257143383,1287666,276,280
1257301309,1257420208,306899926327367,cudaGraphLaunch_v10000,306899924811776,1,14,14901,1257306233,1258721388,1286577,276,280
1258880676,1258999523,306899926327367,cudaGraphLaunch_v10000,306899924811776,1,14,14906,1258884878,1260301505,1283601,276,280
1260455310,1260575887,306899926327367,cudaGraphLaunch_v10000,306899924811776,1,14,14911,1260459619,1261878422,1283600,276,280
1262046842,1262188741,306899926327367,cudaGraphLaunch_v10000,306899924811776,1,14,14916,1262051608,1263458122,1254736,276,280
1265032574,1265204341,306899926327367,cudaGraphLaunch_v10000,306899924811776,1,14,14921,1265040735,1270497607,5281158,306,309
1270706450,1270858049,306899926327367,cudaGraphLaunch_v10000,306899924811776,1,14,14926,1270712394,1274446171,3570063,306,309
1274646258,1274797324,306899926327367,cudaGraphLaunch_v10000,306899924811776,1,14,14931,1274651934,1276062064,1252113,276,280
1276242296,1276385409,306899926327367,cudaGraphLaunch_v10000,306899924811776,1,14,14936,1276247635,1277649413,1253553,276,280
1277820521,1277987570,306899926327367,cudaGraphLaunch_v10000,306899924811776,1,14,14941,1277825127,1279249754,1254001,276,280
1279550149,1279814427,306899926327367,cudaGraphLaunch_v10000,306899924811776,1,14,14946,1279560862,1281082738,1257201,276,280
1281382188,1281612584,306899926327367,cudaGraphLaunch_v10000,306899924811776,1,14,14951,1281392182,1282881962,1255665,276,280
1283156423,1283370769,306899926327367,cudaGraphLaunch_v10000,306899924811776,1,14,14956,1283163789,1284637089,1256466,276,280
1284904667,1285121734,306899926327367,cudaGraphLaunch_v10000,306899924811776,1,14,14961,1284912196,1286386008,1253842,276,280
1286655858,1286866135,306899926327367,cudaGraphLaunch_v10000,306899924811776,1,14,14966,1286663259,1288134159,1253360,276,280
1288401177,1288636242,306899926327367,cudaGraphLaunch_v10000,306899924811776,1,14,14971,1288411730,1289904518,1254354,276,280
1290170735,1290388904,306899926327367,cudaGraphLaunch_v10000,306899924811776,1,14,14976,1290179018,1291659805,1257713,276,280
1291921335,1292147032,306899926327367,cudaGraphLaunch_v10000,306899924811776,1,14,14981,1291930785,1293410868,1253616,276,280
1293675011,1293898531,306899926327367,cudaGraphLaunch_v10000,306899924811776,1,14,14986,1293683160,1295176235,1268144,276,280
1295449111,1295671537,306899926327367,cudaGraphLaunch_v10000,306899924811776,1,14,14991,1295457231,1296959267,1274737,276,280
1297235200,1297471769,306899926327367,cudaGraphLaunch_v10000,306899924811776,1,14,14996,1297245223,1298764507,1279088,276,280
1299050252,1299302155,306899926327367,cudaGraphLaunch_v10000,306899924811776,1,14,15001,1299060798,1300595315,1282322,276,280
1300874735,1301115419,306899926327367,cudaGraphLaunch_v10000,306899924811776,1,14,15006,1300883926,1302408906,1279697,276,280
1302698582,1302942281,306899926327367,cudaGraphLaunch_v10000,306899924811776,1,14,15011,1302708494,1304235714,1278545,276,280
1304516497,1304754839,306899926327367,cudaGraphLaunch_v10000,306899924811776,1,14,15016,1304525446,1306049210,1281137,276,280
1306326191,1306549055,306899926327367,cudaGraphLaunch_v10000,306899924811776,1,14,15021,1306334942,1307842258,1283537,276,280
1308142209,1308390008,306899926327367,cudaGraphLaunch_v10000,306899924811776,1,14,15026,1308152790,1309684362,1284657,276,280
1310004228,1310322976,306899926327367,cudaGraphLaunch_v10000,306899924811776,1,14,15031,1310022575,1311617892,1283217,276,280
1311899253,1312126155,306899926327367,cudaGraphLaunch_v10000,306899924811776,1,14,15036,1311908231,1313422107,1284785,276,280
1313681422,1313901470,306899926327367,cudaGraphLaunch_v10000,306899924811776,1,14,15041,1313689599,1315197779,1285168,276,280
1315461111,1315692209,306899926327367,cudaGraphLaunch_v10000,306899924811776,1,14,15046,1315470198,1316988746,1283825,276,280
1317267924,1317499133,306899926327367,cudaGraphLaunch_v10000,306899924811776,1,14,15051,1317279118,1318784930,1275377,276,280
1319793777,1320179811,306899926327367,cudaGraphLaunch_v10000,306899924811776,1,14,15056,1319809231,1323965414,3771122,306,309
1325879949,1326254766,306899926327367,cudaGraphLaunch_v10000,306899924811776,1,14,15061,1325901855,1331178565,4914177,306,309
1331483677,1331839757,306899926327367,cudaGraphLaunch_v10000,306899924811776,1,14,15066,1331497545,1333125022,1275729,276,280
1333991888,1334345120,306899926327367,cudaGraphLaunch_v10000,306899924811776,1,14,15071,1334003882,1338129376,3771568,306,309
1338386290,1338677461,306899926327367,cudaGraphLaunch_v10000,306899924811776,1,14,15076,1338398308,1339955192,1264881,276,280
1341728027,1342121967,306899926327367,cudaGraphLaunch_v10000,306899924811776,1,14,15081,1341744112,1347011733,4875040,306,309
1347223002,1347391464,306899926327367,cudaGraphLaunch_v10000,306899924811776,1,14,15086,1347237208,1348626538,1219536,276,280
1350152241,1350317422,306899926327367,cudaGraphLaunch_v10000,306899924811776,1,14,15091,1350161438,1355568549,5236805,306,309
1355864767,1356175172,306899926327367,cudaGraphLaunch_v10000,306899924811776,1,14,15096,1355878729,1359704316,3517232,306,309
1359951507,1360277550,306899926327367,cudaGraphLaunch_v10000,306899924811776,1,14,15101,1359961375,1361520948,1229969,276,280
1361718792,1361872829,306899926327367,cudaGraphLaunch_v10000,306899924811776,1,14,15106,1361729942,1363116361,1228305,276,280
1363291930,1363424083,306899926327367,cudaGraphLaunch_v10000,306899924811776,1,14,15111,1363298123,1364666749,1227184,276,280
1364818639,1364958749,306899926327367,cudaGraphLaunch_v10000,306899924811776,1,14,15116,1364824095,1366204785,1228624,276,280
1366343725,1366481592,306899926327367,cudaGraphLaunch_v10000,306899924811776,1,14,15121,1366348723,1367724389,1229552,276,280
1367865968,1368008915,306899926327367,cudaGraphLaunch_v10000,306899924811776,1,14,15126,1367871367,1369254329,1233232,276,280
1369388795,1369524926,306899926327367,cudaGraphLaunch_v10000,306899924811776,1,14,15131,1369395003,1370770829,1232272,276,280
1370898898,1371035208,306899926327367,cudaGraphLaunch_v10000,306899924811776,1,14,15136,1370905455,1372282305,1232208,276,280
1372439525,1372584477,306899926327367,cudaGraphLaunch_v10000,306899924811776,1,14,15141,1372445443,1373828565,1229232,276,280
1373978615,1374115031,306899926327367,cudaGraphLaunch_v10000,306899924811776,1,14,15146,1373985816,1375358474,1228369,276,280
1375522676,1375653864,306899926327367,cudaGraphLaunch_v10000,306899924811776,1,14,15151,1375528428,1376914910,1247697,276,280
1377062463,1377195602,306899926327367,cudaGraphLaunch_v10000,306899924811776,1,14,15156,1377069344,1378470386,1261360,276,280
1378760491,1379014486,306899926327367,cudaGraphLaunch_v10000,306899924811776,1,14,15161,1378773750,1380284938,1258897,276,280
1380532190,1380765505,306899926327367,cudaGraphLaunch_v10000,306899924811776,1,14,15166,1380540238,1382033153,1258319,276,280
1382277888,1382507512,306899926327367,cudaGraphLaunch_v10000,306899924811776,1,14,15171,1382286373,1383778008,1260592,276,280
1384016692,1384226529,306899926327367,cudaGraphLaunch_v10000,306899924811776,1,14,15176,1384024060,1385498191,1260081,276,280
1385737921,1385956236,306899926327367,cudaGraphLaunch_v10000,306899924811776,1,14,15181,1385746066,1387233190,1262192,276,280
1387468857,1387685488,306899926327367,cudaGraphLaunch_v10000,306899924811776,1,14,15186,1387476777,1388960412,1266576,276,280
1389185276,1389402742,306899926327367,cudaGraphLaunch_v10000,306899924811776,1,14,15191,1389193439,1390677683,1265298,276,280
1390878294,1391027272,306899926327367,cudaGraphLaunch_v10000,306899924811776,1,14,15196,1390891190,1392299848,1262032,276,280
1392462170,1392591122,306899926327367,cudaGraphLaunch_v10000,306899924811776,1,14,15201,1392467915,1393868605,1262929,276,280
1394018745,1394142752,306899926327367,cudaGraphLaunch_v10000,306899924811776,1,14,15206,1394023775,1395421073,1259920,276,280
1395582167,1395705683,306899926327367,cudaGraphLaunch_v10000,306899924811776,1,14,15211,1395587828,1396982726,1265105,276,280
1397138590,1397257467,306899926327367,cudaGraphLaunch_v10000,306899924811776,1,14,15216,1397143752,1398525914,1250769,276,280
1399167662,1399345934,306899926327367,cudaGraphLaunch_v10000,306899924811776,1,14,15221,1399176483,1403115511,3758098,306,309
1404334352,1404489915,306899926327367,cudaGraphLaunch_v10000,306899924811776,1,14,15226,1404341479,1409248327,4740829,306,309
1409431710,1409592066,306899926327367,cudaGraphLaunch_v10000,306899924811776,1,14,15231,1409438090,1410877469,1268304,276,280
1411039620,1411184746,306899926327367,cudaGraphLaunch_v10000,306899924811776,1,14,15236,1411045055,1412461489,1265488,276,280
1412704438,1412950186,306899926327367,cudaGraphLaunch_v10000,306899924811776,1,14,15241,1412717429,1414177928,1218640,276,280
1415712538,1415943224,306899926327367,cudaGraphLaunch_v10000,306899924811776,1,14,15246,1415725532,1421220069,5262662,306,309
1421442133,1421722335,306899926327367,cudaGraphLaunch_v10000,306899924811776,1,14,15251,1421457160,1425248441,3518830,306,309
1425523144,1425870910,306899926327367,cudaGraphLaunch_v10000,306899924811776,1,14,15256,1425536765,1427125522,1242704,276,280
1427372311,1427612882,306899926327367,cudaGraphLaunch_v10000,306899924811776,1,14,15261,1427382806,1428861065,1235568,276,280
1429097137,1429339254,306899926327367,cudaGraphLaunch_v10000,306899924811776,1,14,15266,1429106124,1430586080,1233233,276,280
1431575237,1431820152,306899926327367,cudaGraphLaunch_v10000,306899924811776,1,14,15271,1431591437,1433064800,1235600,276,280
1433301375,1433512957,306899926327367,cudaGraphLaunch_v10000,306899924811776,1,14,15276,1433311332,1434758423,1234735,276,280
1434987820,1435199499,306899926327367,cudaGraphLaunch_v10000,306899924811776,1,14,15281,1434998138,1436453293,1237808,276,280
1436678370,1436891795,306899926327367,cudaGraphLaunch_v10000,306899924811776,1,14,15286,1436688080,1438143939,1236784,276,280
1438369601,1438586359,306899926327367,cudaGraphLaunch_v10000,306899924811776,1,14,15291,1438380230,1439833369,1237328,276,280
1440058530,1440276155,306899926327367,cudaGraphLaunch_v10000,306899924811776,1,14,15296,1440069372,1441519919,1235664,276,280
1441746211,1441964988,306899926327367,cudaGraphLaunch_v10000,306899924811776,1,14,15301,1441756755,1443209542,1233521,276,280
1443437968,1443658171,306899926327367,cudaGraphLaunch_v10000,306899924811776,1,14,15306,1443446537,1444927900,1257519,276,280
1445162420,1445387492,306899926327367,cudaGraphLaunch_v10000,306899924811776,1,14,15311,1445173567,1446664819,1263122,276,280
1446900019,1447109439,306899926327367,cudaGraphLaunch_v10000,306899924811776,1,14,15316,1446908662,1448384906,1265489,276,280
1448618941,1448823438,306899926327367,cudaGraphLaunch_v10000,306899924811776,1,14,15321,1448626669,1450102496,1265297,276,280
1450334660,1450538893,306899926327367,cudaGraphLaunch_v10000,306899924811776,1,14,15326,1450343171,1451813463,1264562,276,280
1452045130,1452251642,306899926327367,cudaGraphLaunch_v10000,306899924811776,1,14,15331,1452053946,1453529517,1268272,276,280
1453761164,1453966591,306899926327367,cudaGraphLaunch_v10000,306899924811776,1,14,15336,1453770512,1455244804,1266354,276,280
1455471531,1455675371,306899926327367,cudaGraphLaunch_v10000,306899924811776,1,14,15341,1455478983,1456953882,1267568,276,280
1457183650,1457391369,306899926327367,cudaGraphLaunch_v10000,306899924811776,1,14,15346,1457192829,1458668369,1266482,276,280
1458892121,1459093289,306899926327367,cudaGraphLaunch_v10000,306899924811776,1,14,15351,1458899412,1460370087,1267345,276,280
1460593273,1460795647,306899926327367,cudaGraphLaunch_v10000,306899924811776,1,14,15356,1460600650,1462073950,1266929,276,280
1462291201,1462493919,306899926327367,cudaGraphLaunch_v10000,306899924811776,1,14,15361,1462299041,1463778004,1267729,276,280
1463993744,1464198552,306899926327367,cudaGraphLaunch_v10000,306899924811776,1,14,15366,1464001847,1465484074,1267440,276,280
1465715303,1465919522,306899926327367,cudaGraphLaunch_v10000,306899924811776,1,14,15371,1465723342,1467196033,1262449,276,280
1467450730,1467821477,306899926327367,cudaGraphLaunch_v10000,306899924811776,1,14,15376,1467460772,1471393592,3559215,306,309
1472312465,1472577387,306899926327367,cudaGraphLaunch_v10000,306899924811776,1,14,15381,1472324900,1476308953,3724018,306,309
1477603072,1477758071,306899926327367,cudaGraphLaunch_v10000,306899924811776,1,14,15386,1477615338,1482501066,4732702,306,309
1482692100,1482857132,306899926327367,cudaGraphLaunch_v10000,306899924811776,1,14,15391,1482699725,1484136288,1266577,276,280
1484327819,1484470686,306899926327367,cudaGraphLaunch_v10000,306899924811776,1,14,15396,1484333730,1487980626,3492206,306,309
1488750085,1488901609,306899926327367,cudaGraphLaunch_v10000,306899924811776,1,14,15401,1488761149,1492603855,3687921,306,309
1492774889,1492925901,306899926327367,cudaGraphLaunch_v10000,306899924811776,1,14,15406,1492781585,1494171620,1231248,276,280
1495371456,1495522821,306899926327367,cudaGraphLaunch_v10000,306899924811776,1,14,15411,1495381844,1500224755,4688254,306,309
1500409496,1500555167,306899926327367,cudaGraphLaunch_v10000,306899924811776,1,14,15416,1500415798,1501808840,1236176,276,280
1501988083,1502132410,306899926327367,cudaGraphLaunch_v10000,306899924811776,1,14,15421,1501994923,1505655131,3512175,306,309
1505813954,1505959225,306899926327367,cudaGraphLaunch_v10000,306899924811776,1,14,15426,1505821885,1507205391,1232016,276,280
1507374856,1507500670,306899926327367,cudaGraphLaunch_v10000,306899924811776,1,14,15431,1507381393,1508745411,1234544,276,280
1508891160,1509016031,306899926327367,cudaGraphLaunch_v10000,306899924811776,1,14,15436,1508896645,1510262135,1231152,276,280
1510419952,1510548462,306899926327367,cudaGraphLaunch_v10000,306899924811776,1,14,15441,1510426425,1511793035,1232240,276,280
1511934065,1512065947,306899926327367,cudaGraphLaunch_v10000,306899924811776,1,14,15446,1511940109,1513311583,1232400,276,280
1513453653,1513575503,306899926327367,cudaGraphLaunch_v10000,306899924811776,1,14,15451,1513459585,1514820979,1234000,276,280
1514959366,1515092539,306899926327367,cudaGraphLaunch_v10000,306899924811776,1,14,15456,1514964405,1516344775,1235056,276,280
1516489061,1516625647,306899926327367,cudaGraphLaunch_v10000,306899924811776,1,14,15461,1516495081,1517868539,1233872,276,280
1518048224,1518168185,306899926327367,cudaGraphLaunch_v10000,306899924811776,1,14,15466,1518053982,1519438384,1258225,276,280
1519602596,1519728368,306899926327367,cudaGraphLaunch_v10000,306899924811776,1,14,15471,1519607826,1521003204,1262448,276,280
1521166403,1521305200,306899926327367,cudaGraphLaunch_v10000,306899924811776,1,14,15476,1521173863,1522581881,1263857,276,280
1522731616,1522912989,306899926327367,cudaGraphLaunch_v10000,306899924811776,1,14,15481,1522736955,1524187502,1263377,276,280
1524383185,1524522584,306899926327367,cudaGraphLaunch_v10000,306899924811776,1,14,15486,1524394705,1525799331,1263664,276,280
1525958049,1526076717,306899926327367,cudaGraphLaunch_v10000,306899924811776,1,14,15491,1525963430,1527354808,1262865,276,280
1527511781,1527640516,306899926327367,cudaGraphLaunch_v10000,306899924811776,1,14,15496,1527517626,1528917484,1262128,276,280
1529077595,1529194162,306899926327367,cudaGraphLaunch_v10000,306899924811776,1,14,15501,1529082319,1530471905,1263569,276,280
1530633512,1530753832,306899926327367,cudaGraphLaunch_v10000,306899924811776,1,14,15506,1530638979,1532029621,1263280,276,280
1532186317,1532326880,306899926327367,cudaGraphLaunch_v10000,306899924811776,1,14,15511,1532192888,1533604330,1264465,276,280
1533744376,1533860421,306899926327367,cudaGraphLaunch_v10000,306899924811776,1,14,15516,1533749036,1535144446,1266320,276,280
1535292289,1535428851,306899926327367,cudaGraphLaunch_v10000,306899924811776,1,14,15521,1535296832,1536706067,1262609,276,280
1536939423,1537181552,306899926327367,cudaGraphLaunch_v10000,306899924811776,1,14,15526,1536953238,1538459370,1266929,276,280
1538724268,1538940710,306899926327367,cudaGraphLaunch_v10000,306899924811776,1,14,15531,1538733486,1540208353,1259697,276,280
1541126215,1541489060,306899926327367,cudaGraphLaunch_v10000,306899924811776,1,14,15536,1541139629,1545215779,3712017,306,309
1546935121,1547209106,306899926327367,cudaGraphLaunch_v10000,306899924811776,1,14,15541,1546951802,1552082845,4862335,306,309
1552286982,1552482065,306899926327367,cudaGraphLaunch_v10000,306899924811776,1,14,15546,1552299584,1553758131,1266641,276,280
1553926206,1554064118,306899926327367,cudaGraphLaunch_v10000,306899924811776,1,14,15551,1553932917,1555349256,1273553,276,280
1555514114,1555655758,306899926327367,cudaGraphLaunch_v10000,306899924811776,1,14,15556,1555519530,1556931389,1264465,276,280
1557501695,1557670724,306899926327367,cudaGraphLaunch_v10000,306899924811776,1,14,15561,1557508996,1561448376,3759729,306,309
1561644090,1561792487,306899926327367,cudaGraphLaunch_v10000,306899924811776,1,14,15566,1561654491,1563028365,1225232,276,280
1564216745,1564368287,306899926327367,cudaGraphLaunch_v10000,306899924811776,1,14,15571,1564224893,1569226814,4846111,306,309
1569404664,1569547352,306899926327367,cudaGraphLaunch_v10000,306899924811776,1,14,15576,1569410913,1570802675,1242832,276,280
1571041399,1571290886,306899926327367,cudaGraphLaunch_v10000,306899924811776,1,14,15581,1571054774,1572541610,1236241,276,280
1573146654,1573305881,306899926327367,cudaGraphLaunch_v10000,306899924811776,1,14,15586,1573157490,1577017605,3698961,306,309
1577260090,1577471248,306899926327367,cudaGraphLaunch_v10000,306899924811776,1,14,15591,1577270024,1578726491,1239440,276,280
1578978795,1579185326,306899926327367,cudaGraphLaunch_v10000,306899924811776,1,14,15596,1578987167,1580437586,1237937,276,280
1580633363,1580772101,306899926327367,cudaGraphLaunch_v10000,306899924811776,1,14,15601,1580643765,1582025831,1242417,276,280
1582182852,1582300492,306899926327367,cudaGraphLaunch_v10000,306899924811776,1,14,15606,1582188105,1583553947,1242832,276,280
1583696264,1583812666,306899926327367,cudaGraphLaunch_v10000,306899924811776,1,14,15611,1583700797,1585071279,1238929,276,280
1585217450,1585337532,306899926327367,cudaGraphLaunch_v10000,306899924811776,1,14,15616,1585222321,1586592099,1240177,276,280
1586752949,1586874574,306899926327367,cudaGraphLaunch_v10000,306899924811776,1,14,15621,1586758341,1588134327,1240817,276,280
1588330768,1588563300,306899926327367,cudaGraphLaunch_v10000,306899924811776,1,14,15626,1588342938,1589818573,1244112,276,280
1590075078,1590278254,306899926327367,cudaGraphLaunch_v10000,306899924811776,1,14,15631,1590082865,1591531844,1239665,276,280
1591774626,1591986096,306899926327367,cudaGraphLaunch_v10000,306899924811776,1,14,15636,1591781607,1593256410,1256880,276,280
1593460123,1593606969,306899926327367,cudaGraphLaunch_v10000,306899924811776,1,14,15641,1593471837,1594890832,1269808,276,280
1595061023,1595196491,306899926327367,cudaGraphLaunch_v10000,306899924811776,1,14,15646,1595066802,1596474661,1266417,276,280
1596631899,1596750522,306899926327367,cudaGraphLaunch_v10000,306899924811776,1,14,15651,1596637319,1598033337,1269233,276,280
1598190907,1598311760,306899926327367,cudaGraphLaunch_v10000,306899924811776,1,14,15656,1598196507,1599597038,1269616,276,280
1599764155,1599892515,306899926327367,cudaGraphLaunch_v10000,306899924811776,1,14,15661,1599773296,1601176963,1267856,276,280
1601357822,1601486420,306899926327367,cudaGraphLaunch_v10000,306899924811776,1,14,15666,1601364741,1602767223,1266544,276,280
1602932928,1603056089,306899926327367,cudaGraphLaunch_v10000,306899924811776,1,14,15671,1602939226,1604342156,1273841,276,280
1604499712,1604637334,306899926327367,cudaGraphLaunch_v10000,306899924811776,1,14,15676,1604505422,1605922209,1266480,276,280
1606070383,1606189014,306899926327367,cudaGraphLaunch_v10000,306899924811776,1,14,15681,1606075491,1607475637,1269041,276,280
1607637332,1607757661,306899926327367,cudaGraphLaunch_v10000,306899924811776,1,14,15686,1607642584,1609045482,1268689,276,280
1609209021,1609356192,306899926327367,cudaGraphLaunch_v10000,306899924811776,1,14,15691,1609215596,1610641887,1271633,276,280
1610801507,1610936610,306899926327367,cudaGraphLaunch_v10000,306899924811776,1,14,15696,1610807553,1612221940,1271184,276,280
1612389244,1612509272,306899926327367,cudaGraphLaunch_v10000,306899924811776,1,14,15701,1612394230,1613770248,1246512,276,280
1615364924,1615538172,306899926327367,cudaGraphLaunch_v10000,306899924811776,1,14,15706,1615375645,1620888358,5335527,306,309
1621073715,1621219650,306899926327367,cudaGraphLaunch_v10000,306899924811776,1,14,15711,1621079688,1624816473,3583279,306,309
1624984299,1625128335,306899926327367,cudaGraphLaunch_v10000,306899924811776,1,14,15716,1624990588,1626414766,1267921,276,280
1626577801,1626701125,306899926327367,cudaGraphLaunch_v10000,306899924811776,1,14,15721,1626582897,1627969251,1254160,276,280
1629217147,1629384106,306899926327367,cudaGraphLaunch_v10000,306899924811776,1,14,15726,1629226451,1634267958,4870272,306,309
1634447274,1634595837,306899926327367,cudaGraphLaunch_v10000,306899924811776,1,14,15731,1634453528,1635834666,1224272,276,280
1637288556,1637446596,306899926327367,cudaGraphLaunch_v10000,306899924811776,1,14,15736,1637296861,1642714181,5251078,306,309
1642891823,1643044931,306899926327367,cudaGraphLaunch_v10000,306899924811776,1,14,15741,1642897735,1646615480,3554095,306,309
1646787392,1646950572,306899926327367,cudaGraphLaunch_v10000,306899924811776,1,14,15746,1646793754,1648202701,1238257,276,280
1648359910,1648488361,306899926327367,cudaGraphLaunch_v10000,306899924811776,1,14,15751,1648365359,1649742017,1236272,276,280
1649914944,1650047092,306899926327367,cudaGraphLaunch_v10000,306899924811776,1,14,15756,1649920515,1651299381,1233136,276,280
1651457716,1651599149,306899926327367,cudaGraphLaunch_v10000,306899924811776,1,14,15761,1651464280,1652851754,1238608,276,280
1653009083,1653129989,306899926327367,cudaGraphLaunch_v10000,306899924811776,1,14,15766,1653014284,1654382654,1233264,276,280
1654571520,1654706025,306899926327367,cudaGraphLaunch_v10000,306899924811776,1,14,15771,1654583585,1655957555,1237008,276,280
1656114609,1656233768,306899926327367,cudaGraphLaunch_v10000,306899924811776,1,14,15776,1656120053,1657489479,1237488,276,280
1657659909,1657778853,306899926327367,cudaGraphLaunch_v10000,306899924811776,1,14,15781,1657664969,1659032667,1238288,276,280
1659182237,1659299673,306899926327367,cudaGraphLaunch_v10000,306899924811776,1,14,15786,1659186685,1660552335,1237360,276,280
1660694471,1660812407,306899926327367,cudaGraphLaunch_v10000,306899924811776,1,14,15791,1660698993,1662065827,1237776,276,280
1662211988,1662332473,306899926327367,cudaGraphLaunch_v10000,306899924811776,1,14,15796,1662217125,1663593655,1241392,276,280
1663748137,1663865927,306899926327367,cudaGraphLaunch_v10000,306899924811776,1,14,15801,1663752921,1665143980,1260048,276,280
1665293781,1665409502,306899926327367,cudaGraphLaunch_v10000,306899924811776,1,14,15806,1665298606,1666687168,1261233,276,280
1666836658,1666958233,306899926327367,cudaGraphLaunch_v10000,306899924811776,1,14,15811,1666842274,1668235476,1263377,276,280
1668379442,1668501404,306899926327367,cudaGraphLaunch_v10000,306899924811776,1,14,15816,1668385622,1669778664,1263696,276,280
1669935009,1670061432,306899926327367,cudaGraphLaunch_v10000,306899924811776,1,14,15821,1669941707,1671345405,1265233,276,280
1671501468,1671633775,306899926327367,cudaGraphLaunch_v10000,306899924811776,1,14,15826,1671506015,1672912146,1265073,276,280
1673071934,1673198444,306899926327367,cudaGraphLaunch_v10000,306899924811776,1,14,15831,1673076468,1674484006,1270736,276,280
1674640514,1674760451,306899926327367,cudaGraphLaunch_v10000,306899924811776,1,14,15836,1674645160,1676045659,1265681,276,280
1676200673,1676324573,306899926327367,cudaGraphLaunch_v10000,306899924811776,1,14,15841,1676205981,1677602159,1266032,276,280
1677748446,1677865453,306899926327367,cudaGraphLaunch_v10000,306899924811776,1,14,15846,1677753137,1679152516,1269585,276,280
1679282988,1679419673,306899926327367,cudaGraphLaunch_v10000,306899924811776,1,14,15851,1679287173,1680704984,1266834,276,280
1680873548,1680990921,306899926327367,cudaGraphLaunch_v10000,306899924811776,1,14,15856,1680878298,1682268653,1263697,276,280
1682446927,1682614677,306899926327367,cudaGraphLaunch_v10000,306899924811776,1,14,15861,1682451983,1686212257,3582352,306,309
1686373784,1686495562,306899926327367,cudaGraphLaunch_v10000,306899924811776,1,14,15866,1686378595,1687757269,1248241,276,280
1689331788,1689494622,306899926327367,cudaGraphLaunch_v10000,306899924811776,1,14,15871,1689340010,1694845554,5336326,306,309
1695032758,1695174077,306899926327367,cudaGraphLaunch_v10000,306899924811776,1,14,15876,1695038293,1698810470,3623792,306,309
1698976731,1699122815,306899926327367,cudaGraphLaunch_v10000,306899924811776,1,14,15881,1698981768,1700401787,1265873,276,280
1700575635,1700725500,306899926327367,cudaGraphLaunch_v10000,306899924811776,1,14,15886,1700580541,1704313678,3566991,306,309
1704926348,1705083942,306899926327367,cudaGraphLaunch_v10000,306899924811776,1,14,15891,1704933847,1708753801,3653616,306,309
1709939092,1710082833,306899926327367,cudaGraphLaunch_v10000,306899924811776,1,14,15896,1709945209,1714777080,4680318,306,309
1714946618,1715090386,306899926327367,cudaGraphLaunch_v10000,306899924811776,1,14,15901,1714951514,1716352845,1245745,276,280
1716511120,1716639492,306899926327367,cudaGraphLaunch_v10000,306899924811776,1,14,15906,1716516367,1717893985,1237840,276,280
1718056897,1718214919,306899926327367,cudaGraphLaunch_v10000,306899924811776,1,14,15911,1718061795,1721746324,3514991,306,309
1721900429,1722041840,306899926327367,cudaGraphLaunch_v10000,306899924811776,1,14,15916,1721905622,1723294632,1238032,276,280
1723455718,1723584720,306899926327367,cudaGraphLaunch_v10000,306899924811776,1,14,15921,1723460746,1724835900,1234256,276,280
1724986331,1725110851,306899926327367,cudaGraphLaunch_v10000,306899924811776,1,14,15926,1724991806,1726358480,1233616,276,280
1726503172,1726643739,306899926327367,cudaGraphLaunch_v10000,306899924811776,1,14,15931,1726508306,1727895557,1237392,276,280
1728031686,1728149492,306899926327367,cudaGraphLaunch_v10000,306899924811776,1,14,15936,1728035846,1729401976,1233712,276,280
1729536808,1729656237,306899926327367,cudaGraphLaunch_v10000,306899924811776,1,14,15941,1729540954,1730916364,1239759,276,280
1731053489,1731174548,306899926327367,cudaGraphLaunch_v10000,306899924811776,1,14,15946,1731058350,1732425952,1237455,276,280
1732579191,1732697463,306899926327367,cudaGraphLaunch_v10000,306899924811776,1,14,15951,1732584482,1733948596,1236816,276,280
1734166398,1734420340,306899926327367,cudaGraphLaunch_v10000,306899924811776,1,14,15956,1734181815,1735671915,1236017,276,280
1735825994,1735952377,306899926327367,cudaGraphLaunch_v10000,306899924811776,1,14,15961,1735833741,1737220191,1255505,276,280
1737361057,1737478839,306899926327367,cudaGraphLaunch_v10000,306899924811776,1,14,15966,1737365217,1738757235,1264912,276,280
1738911206,1739041071,306899926327367,cudaGraphLaunch_v10000,306899924811776,1,14,15971,1738916053,1740317864,1265681,276,280
1740462958,1740590837,306899926327367,cudaGraphLaunch_v10000,306899924811776,1,14,15976,1740467946,1741869212,1266129,276,280
1742035576,1742156158,306899926327367,cudaGraphLaunch_v10000,306899924811776,1,14,15981,1742041119,1743433905,1264369,276,280
1743592182,1743724562,306899926327367,cudaGraphLaunch_v10000,306899924811776,1,14,15986,1743597171,1745001669,1262192,276,280
1745156556,1745274477,306899926327367,cudaGraphLaunch_v10000,306899924811776,1,14,15991,1745162280,1746560218,1266001,276,280
1746708793,1746826068,306899926327367,cudaGraphLaunch_v10000,306899924811776,1,14,15996,1746713532,1748106478,1266897,276,280
1748246478,1748364097,306899926327367,cudaGraphLaunch_v10000,306899924811776,1,14,16001,1748251248,1749642498,1263664,276,280
1749784824,1749909044,306899926327367,cudaGraphLaunch_v10000,306899924811776,1,14,16006,1749789252,1751187735,1263569,276,280
1751325706,1751449242,306899926327367,cudaGraphLaunch_v10000,306899924811776,1,14,16011,1751331929,1752735019,1267601,276,280
1752881406,1753007607,306899926327367,cudaGraphLaunch_v10000,306899924811776,1,14,16016,1752887309,1754293568,1267152,276,280
1754446552,1754565136,306899926327367,cudaGraphLaunch_v10000,306899924811776,1,14,16021,1754451842,1755843924,1263184,276,280
1756464235,1756643515,306899926327367,cudaGraphLaunch_v10000,306899924811776,1,14,16026,1756473756,1760371472,3717841,306,309
1761700540,1761857059,306899926327367,cudaGraphLaunch_v10000,306899924811776,1,14,16031,1761712129,1766755011,4885888,306,309
1766949539,1767100776,306899926327367,cudaGraphLaunch_v10000,306899924811776,1,14,16036,1766957830,1768388089,1272337,276,280
1768557506,1768688479,306899926327367,cudaGraphLaunch_v10000,306899924811776,1,14,16041,1768563451,1769966382,1263024,276,280
1770124950,1770240860,306899926327367,cudaGraphLaunch_v10000,306899924811776,1,14,16046,1770129488,1771518626,1262577,276,280
1772084987,1772240293,306899926327367,cudaGraphLaunch_v10000,306899924811776,1,14,16051,1772092842,1775911708,3653616,306,309
1777069461,1777215191,306899926327367,cudaGraphLaunch_v10000,306899924811776,1,14,16056,1777076619,1782040396,4810943,306,309
1782249296,1782403809,306899926327367,cudaGraphLaunch_v10000,306899924811776,1,14,16061,1782262031,1783658306,1239025,276,280
1783837675,1783963956,306899926327367,cudaGraphLaunch_v10000,306899924811776,1,14,16066,1783844356,1785215766,1233200,276,280
1785380203,1785510285,306899926327367,cudaGraphLaunch_v10000,306899924811776,1,14,16071,1785386808,1786754826,1230448,276,280
1787372762,1787533512,306899926327367,cudaGraphLaunch_v10000,306899924811776,1,14,16076,1787381011,1791245093,3693744,306,309
1791429639,1791595726,306899926327367,cudaGraphLaunch_v10000,306899924811776,1,14,16081,1791435976,1792848699,1238673,276,280
1793005960,1793129105,306899926327367,cudaGraphLaunch_v10000,306899924811776,1,14,16086,1793011965,1794375503,1232497,276,280
1794655728,1794889306,306899926327367,cudaGraphLaunch_v10000,306899924811776,1,14,16091,1794669874,1796132966,1235058,276,280
1796383212,1796603062,306899926327367,cudaGraphLaunch_v10000,306899924811776,1,14,16096,1796391113,1797847964,1231823,276,280
1798057477,1798196489,306899926327367,cudaGraphLaunch_v10000,306899924811776,1,14,16101,1798069599,1799441297,1232432,276,280
1799627000,1799768300,306899926327367,cudaGraphLaunch_v10000,306899924811776,1,14,16106,1799632884,1801020358,1236177,276,280
1801183980,1801316453,306899926327367,cudaGraphLaunch_v10000,306899924811776,1,14,16111,1801191496,1802560442,1232720,276,280
1802736294,1802860212,306899926327367,cudaGraphLaunch_v10000,306899924811776,1,14,16116,1802743037,1804122095,1250865,276,280
1804279355,1804412819,306899926327367,cudaGraphLaunch_v10000,306899924811776,1,14,16121,1804284401,1805689827,1259471,276,280
1805914410,1806151505,306899926327367,cudaGraphLaunch_v10000,306899924811776,1,14,16126,1805926758,1807427610,1264466,276,280
1807683306,1807817675,306899926327367,cudaGraphLaunch_v10000,306899924811776,1,14,16131,1807693374,1809092656,1260625,276,280
1809343304,1809557861,306899926327367,cudaGraphLaunch_v10000,306899924811776,1,14,16136,1809352819,1810834471,1261010,276,280
1811039768,1811195817,306899926327367,cudaGraphLaunch_v10000,306899924811776,1,14,16141,1811048810,1812471869,1266705,276,280
1812651440,1812780276,306899926327367,cudaGraphLaunch_v10000,306899924811776,1,14,16146,1812657151,1814056241,1260367,276,280
1814229657,1814353032,306899926327367,cudaGraphLaunch_v10000,306899924811776,1,14,16151,1814234996,1815630950,1262065,276,280
1815796764,1815923573,306899926327367,cudaGraphLaunch_v10000,306899924811776,1,14,16156,1815801256,1817198267,1260465,276,280
1817365908,1817490008,306899926327367,cudaGraphLaunch_v10000,306899924811776,1,14,16161,1817370909,1818767695,1264816,276,280
1818929448,1819067967,306899926327367,cudaGraphLaunch_v10000,306899924811776,1,14,16166,1818935793,1820344676,1265074,276,280
1820526642,1820664831,306899926327367,cudaGraphLaunch_v10000,306899924811776,1,14,16171,1820533350,1821942073,1262738,276,280
1822134891,1822381264,306899926327367,cudaGraphLaunch_v10000,306899924811776,1,14,16176,1822149564,1823657328,1264592,276,280
1823844955,1824007713,306899926327367,cudaGraphLaunch_v10000,306899924811776,1,14,16181,1823852370,1825283333,1259729,276,280
1827317075,1827511255,306899926327367,cudaGraphLaunch_v10000,306899924811776,1,14,16186,1827336096,1832263169,4738047,306,309
1832470220,1832622690,306899926327367,cudaGraphLaunch_v10000,306899924811776,1,14,16191,1832477668,1833897302,1261105,276,280
1834545997,1834743289,306899926327367,cudaGraphLaunch_v10000,306899924811776,1,14,16196,1834558623,1838520915,3766514,306,309
1838711736,1838859109,306899926327367,cudaGraphLaunch_v10000,306899924811776,1,14,16201,1838719030,1840144808,1273232,276,280
1840315695,1840439365,306899926327367,cudaGraphLaunch_v10000,306899924811776,1,14,16206,1840321099,1841716669,1264081,276,280
1841890883,1842016244,306899926327367,cudaGraphLaunch_v10000,306899924811776,1,14,16211,1841896703,1843254769,1220496,276,280
1844824746,1844996567,306899926327367,cudaGraphLaunch_v10000,306899924811776,1,14,16216,1844835046,1850274574,5265573,306,309
1850465538,1850639126,306899926327367,cudaGraphLaunch_v10000,306899924811776,1,14,16221,1850472624,1854162817,3510127,306,309
1854336140,1854499925,306899926327367,cudaGraphLaunch_v10000,306899924811776,1,14,16226,1854342147,1855752854,1239408,276,280
1855927985,1856055004,306899926327367,cudaGraphLaunch_v10000,306899924811776,1,14,16231,1855933400,1857314570,1240304,276,280
1857468095,1857597699,306899926327367,cudaGraphLaunch_v10000,306899924811776,1,14,16236,1857473196,1858850462,1238832,276,280
1859009457,1859143072,306899926327367,cudaGraphLaunch_v10000,306899924811776,1,14,16241,1859013952,1860396755,1237872,276,280
1860558506,1860686791,306899926327367,cudaGraphLaunch_v10000,306899924811776,1,14,16246,1860564309,1861937863,1236209,276,280
1862095922,1862211832,306899926327367,cudaGraphLaunch_v10000,306899924811776,1,14,16251,1862100265,1863470811,1241425,276,280
1863615448,1863730473,306899926327367,cudaGraphLaunch_v10000,306899924811776,1,14,16256,1863620253,1864982639,1239729,276,280
1865120843,1865235855,306899926327367,cudaGraphLaunch_v10000,306899924811776,1,14,16261,1865125329,1866489635,1238481,276,280
1866625323,1866739257,306899926327367,cudaGraphLaunch_v10000,306899924811776,1,14,16266,1866629509,1867991830,1240336,276,280
1868137966,1868257413,306899926327367,cudaGraphLaunch_v10000,306899924811776,1,14,16271,1868142776,1869516779,1243633,276,280
1869655460,1869769121,306899926327367,cudaGraphLaunch_v10000,306899924811776,1,14,16276,1869659468,1871021886,1240304,276,280
1871176125,1871291067,306899926327367,cudaGraphLaunch_v10000,306899924811776,1,14,16281,1871180224,1872558930,1254032,276,280
1872707724,1872821845,306899926327367,cudaGraphLaunch_v10000,306899924811776,1,14,16286,1872711797,1874100071,1262257,276,280
1874242124,1874355053,306899926327367,cudaGraphLaunch_v10000,306899924811776,1,14,16291,1874245417,1875630971,1262641,276,280
1875897938,1876125970,306899926327367,cudaGraphLaunch_v10000,306899924811776,1,14,16296,1875910943,1877401490,1266960,276,280
1877664354,1877864920,306899926327367,cudaGraphLaunch_v10000,306899924811776,1,14,16301,1877671862,1879139433,1263600,276,280
1879351935,1879512184,306899926327367,cudaGraphLaunch_v10000,306899924811776,1,14,16306,1879366188,1880788927,1265809,276,280
1880964709,1881086502,306899926327367,cudaGraphLaunch_v10000,306899924811776,1,14,16311,1880970913,1882373076,1267856,276,280
1882540942,1882662824,306899926327367,cudaGraphLaunch_v10000,306899924811776,1,14,16316,1882545910,1883949288,1267569,276,280
1884149080,1884280121,306899926327367,cudaGraphLaunch_v10000,306899924811776,1,14,16321,1884158091,1885563933,1271408,276,280
1885739776,1885860205,306899926327367,cudaGraphLaunch_v10000,306899924811776,1,14,16326,1885744768,1887147026,1271825,276,280
1887323831,1887443401,306899926327367,cudaGraphLaunch_v10000,306899924811776,1,14,16331,1887328981,1888730343,1274641,276,280
1888880249,1888997541,306899926327367,cudaGraphLaunch_v10000,306899924811776,1,14,16336,1888885097,1890285628,1274161,276,280
1890434417,1890552056,306899926327367,cudaGraphLaunch_v10000,306899924811776,1,14,16341,1890439454,1891838256,1274416,276,280
1891997592,1892115461,306899926327367,cudaGraphLaunch_v10000,306899924811776,1,14,16346,1892002034,1893385604,1255280,276,280
1894664837,1894833758,306899926327367,cudaGraphLaunch_v10000,306899924811776,1,14,16351,1894672821,1899732376,4882689,306,309
1899927991,1900063878,306899926327367,cudaGraphLaunch_v10000,306899924811776,1,14,16356,1899937402,1901343949,1267250,276,280
1901967931,1902118703,306899926327367,cudaGraphLaunch_v10000,306899924811776,1,14,16361,1901976789,1905896713,3766770,306,309
1906075752,1906206998,306899926327367,cudaGraphLaunch_v10000,306899924811776,1,14,16366,1906081419,1907485086,1260048,276,280
1908664345,1908811279,306899926327367,cudaGraphLaunch_v10000,306899924811776,1,14,16371,1908672973,1913711152,4883872,306,309
1913885097,1914010764,306899926327367,cudaGraphLaunch_v10000,306899924811776,1,14,16376,1913889970,1915288068,1263249,276,280
1915838341,1915980826,306899926327367,cudaGraphLaunch_v10000,306899924811776,1,14,16381,1915844620,1919644478,3648656,306,309
1920731160,1920871397,306899926327367,cudaGraphLaunch_v10000,306899924811776,1,14,16386,1920737420,1925566155,4683453,306,309
1925739262,1925865918,306899926327367,cudaGraphLaunch_v10000,306899924811776,1,14,16391,1925744398,1927122624,1241617,276,280
1927279657,1927397330,306899926327367,cudaGraphLaunch_v10000,306899924811776,1,14,16396,1927284098,1928644148,1231824,276,280
1928825829,1928955652,306899926327367,cudaGraphLaunch_v10000,306899924811776,1,14,16401,1928835254,1930200680,1231023,276,280
1930341278,1930456642,306899926327367,cudaGraphLaunch_v10000,306899924811776,1,14,16406,1930345674,1931700828,1230928,276,280
1931826666,1931939491,306899926327367,cudaGraphLaunch_v10000,306899924811776,1,14,16411,1931830526,1933190768,1231536,276,280
1933320880,1933435586,306899926327367,cudaGraphLaunch_v10000,306899924811776,1,14,16416,1933325009,1934687043,1232432,276,280
1934809982,1934922954,306899926327367,cudaGraphLaunch_v10000,306899924811776,1,14,16421,1934813541,1936169815,1232625,276,280
1936295882,1936409488,306899926327367,cudaGraphLaunch_v10000,306899924811776,1,14,16426,1936300153,1937664682,1236912,276,280
1937786442,1937898397,306899926327367,cudaGraphLaunch_v10000,306899924811776,1,14,16431,1937790444,1939145534,1233648,276,280
1939261903,1939374453,306899926327367,cudaGraphLaunch_v10000,306899924811776,1,14,16436,1939265536,1940629329,1236592,276,280
1940760992,1940873912,306899926327367,cudaGraphLaunch_v10000,306899924811776,1,14,16441,1940764915,1942126533,1233872,276,280
1942254545,1942366582,306899926327367,cudaGraphLaunch_v10000,306899924811776,1,14,16446,1942258375,1943619449,1235345,276,280
1943756003,1943869065,306899926327367,cudaGraphLaunch_v10000,306899924811776,1,14,16451,1943759899,1945136909,1253616,276,280
1945261599,1945373886,306899926327367,cudaGraphLaunch_v10000,306899924811776,1,14,16456,1945265166,1946652449,1263281,276,280
1946863287,1947088289,306899926327367,cudaGraphLaunch_v10000,306899924811776,1,14,16461,1946876164,1948363799,1266801,276,280
1948609008,1948745972,306899926327367,cudaGraphLaunch_v10000,306899924811776,1,14,16466,1948619835,1950021453,1264785,276,280
1950201176,1950318618,306899926327367,cudaGraphLaunch_v10000,306899924811776,1,14,16471,1950206383,1951595394,1262961,276,280
1951738167,1951853600,306899926327367,cudaGraphLaunch_v10000,306899924811776,1,14,16476,1951742596,1953131414,1262577,276,280
1953266410,1953380094,306899926327367,cudaGraphLaunch_v10000,306899924811776,1,14,16481,1953270584,1954657386,1266193,276,280
1954797335,1954912631,306899926327367,cudaGraphLaunch_v10000,306899924811776,1,14,16486,1954801068,1956197278,1266961,276,280
1956330402,1956445470,306899926327367,cudaGraphLaunch_v10000,306899924811776,1,14,16491,1956334848,1957723058,1262352,276,280
1957859841,1957978984,306899926327367,cudaGraphLaunch_v10000,306899924811776,1,14,16496,1957864724,1959265222,1266000,276,280
1959396063,1959536484,306899926327367,cudaGraphLaunch_v10000,306899924811776,1,14,16501,1959401800,1960812539,1264689,276,280
1960944319,1961065577,306899926327367,cudaGraphLaunch_v10000,306899924811776,1,14,16506,1960950045,1962344431,1262289,276,280
1962487739,1962610136,306899926327367,cudaGraphLaunch_v10000,306899924811776,1,14,16511,1962492753,1963880483,1255665,276,280
1964022902,1964144554,306899926327367,cudaGraphLaunch_v10000,306899924811776,1,14,16516,1964027813,1965404375,1244111,276,280
1965537952,1965659263,306899926327367,cudaGraphLaunch_v10000,306899924811776,1,14,16521,1965543545,1966918731,1246256,276,280
1967034594,1967152054,306899926327367,cudaGraphLaunch_v10000,306899924811776,1,14,16526,1967039629,1968407807,1243857,276,280
1968530590,1968649450,306899926327367,cudaGraphLaunch_v10000,306899924811776,1,14,16531,1968535264,1969908818,1243312,276,280
1970032643,1970153250,306899926327367,cudaGraphLaunch_v10000,306899924811776,1,14,16536,1970038228,1971372134,1203792,276,280
1971488373,1971609625,306899926327367,cudaGraphLaunch_v10000,306899924811776,1,14,16541,1971493255,1972828313,1198960,276,280
1972933680,1973051714,306899926327367,cudaGraphLaunch_v10000,306899924811776,1,14,16546,1972938330,1974263980,1195950,276,280
1974367927,1974486230,306899926327367,cudaGraphLaunch_v10000,306899924811776,1,14,16551,1974372781,1975698591,1198031,276,280
1975789051,1975904292,306899926327367,cudaGraphLaunch_v10000,306899924811776,1,14,16556,1975793280,1977122993,1199152,276,280
1977211468,1977326059,306899926327367,cudaGraphLaunch_v10000,306899924811776,1,14,16561,1977215922,1978538436,1199249,276,280
1978632032,1978749391,306899926327367,cudaGraphLaunch_v10000,306899924811776,1,14,16566,1978636581,1979969911,1204239,276,280
1980055768,1980171023,306899926327367,cudaGraphLaunch_v10000,306899924811776,1,14,16571,1980060600,1981381897,1198192,276,280
1981468214,1981594399,306899926327367,cudaGraphLaunch_v10000,306899924811776,1,14,16576,1981473514,1982812412,1199121,276,280
1982907120,1983025707,306899926327367,cudaGraphLaunch_v10000,306899924811776,1,14,16581,1982911773,1984237039,1199025,276,280
1984322349,1984439251,306899926327367,cudaGraphLaunch_v10000,306899924811776,1,14,16586,1984327152,1985658145,1202703,276,280
1985738062,1985851961,306899926327367,cudaGraphLaunch_v10000,306899924811776,1,14,16591,1985742147,1987072500,1201136,276,280
1987151717,1987266114,306899926327367,cudaGraphLaunch_v10000,306899924811776,1,14,16596,1987155957,1988484423,1203568,276,280
1988583187,1988699002,306899926327367,cudaGraphLaunch_v10000,306899924811776,1,14,16601,1988587464,1989911897,1196528,276,280
1990018797,1990134908,306899926327367,cudaGraphLaunch_v10000,306899924811776,1,14,16606,1990023099,1991371245,1217072,276,280
1991466212,1991584238,306899926327367,cudaGraphLaunch_v10000,306899924811776,1,14,16611,1991470446,1992828288,1225745,276,280
1992915829,1993029235,306899926327367,cudaGraphLaunch_v10000,306899924811776,1,14,16616,1992920193,1994274195,1230513,276,280
1994366921,1994480885,306899926327367,cudaGraphLaunch_v10000,306899924811776,1,14,16621,1994370484,1995724198,1226513,276,280
1995826850,1995940615,306899926327367,cudaGraphLaunch_v10000,306899924811776,1,14,16626,1995830535,1997183417,1226576,276,280
1997287984,1997402233,306899926327367,cudaGraphLaunch_v10000,306899924811776,1,14,16631,1997292314,1998645708,1224336,276,280
1998738654,1998852242,306899926327367,cudaGraphLaunch_v10000,306899924811776,1,14,16636,1998742829,2000096735,1229105,276,280
2000183354,2000296287,306899926327367,cudaGraphLaunch_v10000,306899924811776,1,14,16641,2000187200,2001541650,1230576,276,280
2001638221,2001750723,306899926327367,cudaGraphLaunch_v10000,306899924811776,1,14,16646,2001641972,2002995717,1229040,276,280
2003079989,2003193157,306899926327367,cudaGraphLaunch_v10000,306899924811776,1,14,16651,2003083655,2004436600,1229872,276,280
2004518120,2004632359,306899926327367,cudaGraphLaunch_v10000,306899924811776,1,14,16656,2004521977,2005877291,1227888,276,280
2005956234,2006069181,306899926327367,cudaGraphLaunch_v10000,306899924811776,1,14,16661,2005960076,2007320126,1233072,276,280
2007500144,2007761355,306899926327367,cudaGraphLaunch_v10000,306899924811776,1,14,16666,2007516833,2009002772,1231760,276,280
2009185085,2009385589,306899926327367,cudaGraphLaunch_v10000,306899924811776,1,14,16671,2009192855,2010605289,1207664,276,280
2010761274,2010964488,306899926327367,cudaGraphLaunch_v10000,306899924811776,1,14,16676,2010768844,2012190366,1213134,276,280
2012340068,2012473845,306899926327367,cudaGraphLaunch_v10000,306899924811776,1,14,16681,2012349536,2013699730,1215696,276,280
2013793687,2013910240,306899926327367,cudaGraphLaunch_v10000,306899924811776,1,14,16686,2013797843,2015137477,1213328,276,280
2015209094,2015322357,306899926327367,cudaGraphLaunch_v10000,306899924811776,1,14,16691,2015212902,2016549560,1213457,276,280
2016628309,2016741076,306899926327367,cudaGraphLaunch_v10000,306899924811776,1,14,16696,2016631897,2017927978,1170704,276,280
2018000205,2018112963,306899926327367,cudaGraphLaunch_v10000,306899924811776,1,14,16701,2018003851,2019291036,1164464,276,280
2019356831,2019470868,306899926327367,cudaGraphLaunch_v10000,306899924811776,1,14,16706,2019360701,2020657070,1172752,276,280
2020718960,2020833939,306899926327367,cudaGraphLaunch_v10000,306899924811776,1,14,16711,2020722414,2022020864,1167951,276,280
2022077403,2022194102,306899926327367,cudaGraphLaunch_v10000,306899924811776,1,14,16716,2022080896,2023379921,1169646,276,280
2023435790,2023549359,306899926327367,cudaGraphLaunch_v10000,306899924811776,1,14,16721,2023439634,2024736643,1168334,276,280
2024789975,2024904475,306899926327367,cudaGraphLaunch_v10000,306899924811776,1,14,16726,2024793828,2026093364,1170478,276,280
2026147789,2026262599,306899926327367,cudaGraphLaunch_v10000,306899924811776,1,14,16731,2026152085,2027450182,1169551,276,280
2027502892,2027617961,306899926327367,cudaGraphLaunch_v10000,306899924811776,1,14,16736,2027506407,2028803928,1169071,276,280
2028857614,2028971308,306899926327367,cudaGraphLaunch_v10000,306899924811776,1,14,16741,2028861305,2030157866,1167087,276,280
2030209863,2030323198,306899926327367,cudaGraphLaunch_v10000,306899924811776,1,14,16746,2030213835,2031504444,1168367,276,280
2031555962,2031672334,306899926327367,cudaGraphLaunch_v10000,306899924811776,1,14,16751,2031560221,2032860174,1170096,276,280
2032919922,2033042402,306899926327367,cudaGraphLaunch_v10000,306899924811776,1,14,16756,2032926255,2034228128,1171504,276,280
2034286132,2034400163,306899926327367,cudaGraphLaunch_v10000,306899924811776,1,14,16761,2034290081,2035611570,1192848,276,280
2035668077,2035780529,306899926327367,cudaGraphLaunch_v10000,306899924811776,1,14,16766,2035671763,2037000165,1208336,276,280
2037057021,2037171469,306899926327367,cudaGraphLaunch_v10000,306899924811776,1,14,16771,2037060902,2038384631,1197743,276,280
2038438599,2038551645,306899926327367,cudaGraphLaunch_v10000,306899924811776,1,14,16776,2038442360,2039771113,1202960,276,280
2039824253,2039937628,306899926327367,cudaGraphLaunch_v10000,306899924811776,1,14,16781,2039827850,2041157756,1204016,276,280
2041237856,2041385534,306899926327367,cudaGraphLaunch_v10000,306899924811776,1,14,16786,2041246077,2042603599,1202672,276,280
2042674195,2042797434,306899926327367,cudaGraphLaunch_v10000,306899924811776,1,14,16791,2042679824,2044018722,1205168,276,280
2044083012,2044196104,306899926327367,cudaGraphLaunch_v10000,306899924811776,1,14,16796,2044087523,2045415860,1202351,276,280
2045470644,2045584660,306899926327367,cudaGraphLaunch_v10000,306899924811776,1,14,16801,2045474773,2046804039,1203920,276,280
2046856490,2046967773,306899926327367,cudaGraphLaunch_v10000,306899924811776,1,14,16806,2046859975,2048187481,1202384,276,280
2048240862,2048353004,306899926327367,cudaGraphLaunch_v10000,306899924811776,1,14,16811,2048244250,2049572971,1203504,276,280
2049624486,2049735450,306899926327367,cudaGraphLaunch_v10000,306899924811776,1,14,16816,2049627692,2050955422,1203152,276,280
2051007042,2051117586,306899926327367,cudaGraphLaunch_v10000,306899924811776,1,14,16821,2051010782,2052343952,1206096,276,280
2052409777,2052521340,306899926327367,cudaGraphLaunch_v10000,306899924811776,1,14,16826,2052413457,2053726594,1192496,276,280
2053784734,2053899330,306899926327367,cudaGraphLaunch_v10000,306899924811776,1,14,16831,2053788739,2055110005,1196591,276,280
2055158435,2055270020,306899926327367,cudaGraphLaunch_v10000,306899924811776,1,14,16836,2055161941,2056481031,1195088,276,280
2056528798,2056642666,306899926327367,cudaGraphLaunch_v10000,306899924811776,1,14,16841,2056532391,2057847193,1193041,276,280
2057894769,2058005802,306899926327367,cudaGraphLaunch_v10000,306899924811776,1,14,16846,2057898233,2059218283,1193264,276,280
2059264286,2059375138,306899926327367,cudaGraphLaunch_v10000,306899924811776,1,14,16851,2059267724,2060587293,1193296,276,280
2060640179,2060752152,306899926327367,cudaGraphLaunch_v10000,306899924811776,1,14,16856,2060643806,2061922607,1157008,276,280
2061964977,2062077003,306899926327367,cudaGraphLaunch_v10000,306899924811776,1,14,16861,2061968239,2063248704,1155663,276,280
2063288853,2063399401,306899926327367,cudaGraphLaunch_v10000,306899924811776,1,14,16866,2063292289,2064570898,1158128,276,280
2064611545,2064723091,306899926327367,cudaGraphLaunch_v10000,306899924811776,1,14,16871,2064615250,2065893731,1157327,276,280
2065933228,2066043908,306899926327367,cudaGraphLaunch_v10000,306899924811776,1,14,16876,2065936868,2067222869,1158704,276,280
2067263299,2067375643,306899926327367,cudaGraphLaunch_v10000,306899924811776,1,14,16881,2067266645,2068548998,1154320,276,280
2068592170,2068707480,306899926327367,cudaGraphLaunch_v10000,306899924811776,1,14,16886,2068596679,2069878328,1154543,276,280
2069918201,2070030041,306899926327367,cudaGraphLaunch_v10000,306899924811776,1,14,16891,2069921817,2071200138,1158095,276,280
2071240321,2071352429,306899926327367,cudaGraphLaunch_v10000,306899924811776,1,14,16896,2071244138,2072522171,1155982,276,280
2072578317,2072696172,306899926327367,cudaGraphLaunch_v10000,306899924811776,1,14,16901,2072583452,2073866669,1157935,276,280
2073908120,2074022495,306899926327367,cudaGraphLaunch_v10000,306899924811776,1,14,16906,2073912173,2075194910,1156688,276,280
2075236269,2075350635,306899926327367,cudaGraphLaunch_v10000,306899924811776,1,14,16911,2075240319,2076521968,1154863,276,280
2076561397,2076674282,306899926327367,cudaGraphLaunch_v10000,306899924811776,1,14,16916,2076565073,2077853186,1158512,276,280
2077892203,2078004431,306899926327367,cudaGraphLaunch_v10000,306899924811776,1,14,16921,2077895810,2079175155,1154479,276,280
2079216572,2079329163,306899926327367,cudaGraphLaunch_v10000,306899924811776,1,14,16926,2079220052,2080523813,1178830,276,280
2080563508,2080676499,306899926327367,cudaGraphLaunch_v10000,306899924811776,1,14,16931,2080566854,2081881623,1187504,276,280
2081922258,2082034960,306899926327367,cudaGraphLaunch_v10000,306899924811776,1,14,16936,2081926296,2083237417,1187280,276,280
2083284865,2083408600,306899926327367,cudaGraphLaunch_v10000,306899924811776,1,14,16941,2083290378,2084611643,1188208,276,280
2084658648,2084769923,306899926327367,cudaGraphLaunch_v10000,306899924811776,1,14,16946,2084662172,2085974797,1190064,276,280
2086016640,2086126709,306899926327367,cudaGraphLaunch_v10000,306899924811776,1,14,16951,2086019886,2087331583,1190383,276,280
2087371900,2087482977,306899926327367,cudaGraphLaunch_v10000,306899924811776,1,14,16956,2087375040,2088687249,1189456,276,280
2088729918,2088840505,306899926327367,cudaGraphLaunch_v10000,306899924811776,1,14,16961,2088733106,2090044067,1188976,276,280
2090085635,2090196016,306899926327367,cudaGraphLaunch_v10000,306899924811776,1,14,16966,2090089188,2091406997,1195824,276,280
2091446561,2091556568,306899926327367,cudaGraphLaunch_v10000,306899924811776,1,14,16971,2091449558,2092769095,1194256,276,280
2092808580,2092918115,306899926327367,cudaGraphLaunch_v10000,306899924811776,1,14,16976,2092811624,2094128857,1192976,276,280
2094167741,2094277687,306899926327367,cudaGraphLaunch_v10000,306899924811776,1,14,16981,2094170842,2095483819,1193040,276,280
2095522142,2095633949,306899926327367,cudaGraphLaunch_v10000,306899924811776,1,14,16986,2095525292,2096844701,1195536,276,280
2096889092,2097000364,306899926327367,cudaGraphLaunch_v10000,306899924811776,1,14,16991,2096892286,2098203567,1188016,276,280
2098237651,2098347831,306899926327367,cudaGraphLaunch_v10000,306899924811776,1,14,16996,2098241136,2099558145,1193295,276,280
2099592229,2099702164,306899926327367,cudaGraphLaunch_v10000,306899924811776,1,14,17001,2099595202,2100906771,1188624,276,280
2100939293,2101049588,306899926327367,cudaGraphLaunch_v10000,306899924811776,1,14,17006,2100942387,2102253381,1189648,276,280
2102286460,2102397367,306899926327367,cudaGraphLaunch_v10000,306899924811776,1,14,17011,2102289445,2103601111,1188080,276,280
2103632860,2103750872,306899926327367,cudaGraphLaunch_v10000,306899924811776,1,14,17016,2103637271,2104954697,1190128,276,280
2104982810,2105092933,306899926327367,cudaGraphLaunch_v10000,306899924811776,1,14,17021,2104986249,2106296154,1189008,276,280
