0	0	0	0	0	0
1	0	0	0	0	1
2	0	0	0	0	2
3	0	0	0	1	0
4	0	0	0	1	1
5	0	0	0	1	2
6	0	0	0	2	0
7	0	0	0	2	1
8	0	0	0	2	2
9	0	0	0	3	0
10	0	0	0	3	1
11	0	0	0	3	2
12	0	0	1	0	0
13	0	0	1	0	1
14	0	0	1	0	2
15	0	0	1	1	0
16	0	0	1	1	1
17	0	0	1	1	2
18	0	0	1	2	0
19	0	0	1	2	1
20	0	0	1	2	2
21	0	0	1	3	0
22	0	0	1	3	1
23	0	0	1	3	2
24	0	0	2	0	0
25	0	0	2	0	1
26	0	0	2	0	2
27	0	0	2	1	0
28	0	0	2	1	1
29	0	0	2	1	2
30	0	0	2	2	0
31	0	0	2	2	1
32	0	0	2	2	2
33	0	0	2	3	0
34	0	0	2	3	1
35	0	0	2	3	2
36	0	1	0	0	0
37	0	1	0	0	1
38	0	1	0	0	2
39	0	1	0	1	0
40	0	1	0	1	1
41	0	1	0	1	2
42	0	1	0	2	0
43	0	1	0	2	1
44	0	1	0	2	2
45	0	1	0	3	0
46	0	1	0	3	1
47	0	1	0	3	2
48	0	1	1	0	0
49	0	1	1	0	1
50	0	1	1	0	2
51	0	1	1	1	0
52	0	1	1	1	1
53	0	1	1	1	2
54	0	1	1	2	0
55	0	1	1	2	1
56	0	1	1	2	2
57	0	1	1	3	0
58	0	1	1	3	1
59	0	1	1	3	2
60	0	1	2	0	0
61	0	1	2	0	1
62	0	1	2	0	2
63	0	1	2	1	0
64	0	1	2	1	1
65	0	1	2	1	2
66	0	1	2	2	0
67	0	1	2	2	1
68	0	1	2	2	2
69	0	1	2	3	0
70	0	1	2	3	1
71	0	1	2	3	2
72	0	2	0	0	0
73	0	2	0	0	1
74	0	2	0	0	2
75	0	2	0	1	0
76	0	2	0	1	1
77	0	2	0	1	2
78	0	2	0	2	0
79	0	2	0	2	1
80	0	2	0	2	2
81	0	2	0	3	0
82	0	2	0	3	1
83	0	2	0	3	2
84	0	2	1	0	0
85	0	2	1	0	1
86	0	2	1	0	2
87	0	2	1	1	0
88	0	2	1	1	1
89	0	2	1	1	2
90	0	2	1	2	0
91	0	2	1	2	1
92	0	2	1	2	2
93	0	2	1	3	0
94	0	2	1	3	1
95	0	2	1	3	2
96	0	2	2	0	0
97	0	2	2	0	1
98	0	2	2	0	2
99	0	2	2	1	0
100	0	2	2	1	1
101	0	2	2	1	2
102	0	2	2	2	0
103	0	2	2	2	1
104	0	2	2	2	2
105	0	2	2	3	0
106	0	2	2	3	1
107	0	2	2	3	2
108	0	3	0	0	0
109	0	3	0	0	1
110	0	3	0	0	2
111	0	3	0	1	0
112	0	3	0	1	1
113	0	3	0	1	2
114	0	3	0	2	0
115	0	3	0	2	1
116	0	3	0	2	2
117	0	3	0	3	0
118	0	3	0	3	1
119	0	3	0	3	2
120	0	3	1	0	0
121	0	3	1	0	1
122	0	3	1	0	2
123	0	3	1	1	0
124	0	3	1	1	1
125	0	3	1	1	2
126	0	3	1	2	0
127	0	3	1	2	1
128	0	3	1	2	2
129	0	3	1	3	0
130	0	3	1	3	1
131	0	3	1	3	2
132	0	3	2	0	0
133	0	3	2	0	1
134	0	3	2	0	2
135	0	3	2	1	0
136	0	3	2	1	1
137	0	3	2	1	2
138	0	3	2	2	0
139	0	3	2	2	1
140	0	3	2	2	2
141	0	3	2	3	0
142	0	3	2	3	1
143	0	3	2	3	2
144	0	4	0	0	0
145	0	4	0	0	1
146	0	4	0	0	2
147	0	4	0	1	0
148	0	4	0	1	1
149	0	4	0	1	2
150	0	4	0	2	0
151	0	4	0	2	1
152	0	4	0	2	2
153	0	4	0	3	0
154	0	4	0	3	1
155	0	4	0	3	2
156	0	4	1	0	0
157	0	4	1	0	1
158	0	4	1	0	2
159	0	4	1	1	0
160	0	4	1	1	1
161	0	4	1	1	2
162	0	4	1	2	0
163	0	4	1	2	1
164	0	4	1	2	2
165	0	4	1	3	0
166	0	4	1	3	1
167	0	4	1	3	2
168	0	4	2	0	0
169	0	4	2	0	1
170	0	4	2	0	2
171	0	4	2	1	0
172	0	4	2	1	1
173	0	4	2	1	2
174	0	4	2	2	0
175	0	4	2	2	1
176	0	4	2	2	2
177	0	4	2	3	0
178	0	4	2	3	1
179	0	4	2	3	2
180	0	5	0	0	0
181	0	5	0	0	1
182	0	5	0	0	2
183	0	5	0	1	0
184	0	5	0	1	1
185	0	5	0	1	2
186	0	5	0	2	0
187	0	5	0	2	1
188	0	5	0	2	2
189	0	5	0	3	0
190	0	5	0	3	1
191	0	5	0	3	2
192	0	5	1	0	0
193	0	5	1	0	1
194	0	5	1	0	2
195	0	5	1	1	0
196	0	5	1	1	1
197	0	5	1	1	2
198	0	5	1	2	0
199	0	5	1	2	1
200	0	5	1	2	2
201	0	5	1	3	0
202	0	5	1	3	1
203	0	5	1	3	2
204	0	5	2	0	0
205	0	5	2	0	1
206	0	5	2	0	2
207	0	5	2	1	0
208	0	5	2	1	1
209	0	5	2	1	2
210	0	5	2	2	0
211	0	5	2	2	1
212	0	5	2	2	2
213	0	5	2	3	0
214	0	5	2	3	1
215	0	5	2	3	2
216	0	6	0	0	0
217	0	6	0	0	1
218	0	6	0	0	2
219	0	6	0	1	0
220	0	6	0	1	1
221	0	6	0	1	2
222	0	6	0	2	0
223	0	6	0	2	1
224	0	6	0	2	2
225	0	6	0	3	0
226	0	6	0	3	1
227	0	6	0	3	2
228	0	6	1	0	0
229	0	6	1	0	1
230	0	6	1	0	2
231	0	6	1	1	0
232	0	6	1	1	1
233	0	6	1	1	2
234	0	6	1	2	0
235	0	6	1	2	1
236	0	6	1	2	2
237	0	6	1	3	0
238	0	6	1	3	1
239	0	6	1	3	2
240	0	6	2	0	0
241	0	6	2	0	1
242	0	6	2	0	2
243	0	6	2	1	0
244	0	6	2	1	1
245	0	6	2	1	2
246	0	6	2	2	0
247	0	6	2	2	1
248	0	6	2	2	2
249	0	6	2	3	0
250	0	6	2	3	1
251	0	6	2	3	2
252	0	7	0	0	0
253	0	7	0	0	1
254	0	7	0	0	2
255	0	7	0	1	0
256	0	7	0	1	1
257	0	7	0	1	2
258	0	7	0	2	0
259	0	7	0	2	1
260	0	7	0	2	2
261	0	7	0	3	0
262	0	7	0	3	1
263	0	7	0	3	2
264	0	7	1	0	0
265	0	7	1	0	1
266	0	7	1	0	2
267	0	7	1	1	0
268	0	7	1	1	1
269	0	7	1	1	2
270	0	7	1	2	0
271	0	7	1	2	1
272	0	7	1	2	2
273	0	7	1	3	0
274	0	7	1	3	1
275	0	7	1	3	2
276	0	7	2	0	0
277	0	7	2	0	1
278	0	7	2	0	2
279	0	7	2	1	0
280	0	7	2	1	1
281	0	7	2	1	2
282	0	7	2	2	0
283	0	7	2	2	1
284	0	7	2	2	2
285	0	7	2	3	0
286	0	7	2	3	1
287	0	7	2	3	2
288	0	8	0	0	0
289	0	8	0	0	1
290	0	8	0	0	2
291	0	8	0	1	0
292	0	8	0	1	1
293	0	8	0	1	2
294	0	8	0	2	0
295	0	8	0	2	1
296	0	8	0	2	2
297	0	8	0	3	0
298	0	8	0	3	1
299	0	8	0	3	2
300	0	8	1	0	0
301	0	8	1	0	1
302	0	8	1	0	2
303	0	8	1	1	0
304	0	8	1	1	1
305	0	8	1	1	2
306	0	8	1	2	0
307	0	8	1	2	1
308	0	8	1	2	2
309	0	8	1	3	0
310	0	8	1	3	1
311	0	8	1	3	2
312	0	8	2	0	0
313	0	8	2	0	1
314	0	8	2	0	2
315	0	8	2	1	0
316	0	8	2	1	1
317	0	8	2	1	2
318	0	8	2	2	0
319	0	8	2	2	1
320	0	8	2	2	2
321	0	8	2	3	0
322	0	8	2	3	1
323	0	8	2	3	2
324	0	9	0	0	0
325	0	9	0	0	1
326	0	9	0	0	2
327	0	9	0	1	0
328	0	9	0	1	1
329	0	9	0	1	2
330	0	9	0	2	0
331	0	9	0	2	1
332	0	9	0	2	2
333	0	9	0	3	0
334	0	9	0	3	1
335	0	9	0	3	2
336	0	9	1	0	0
337	0	9	1	0	1
338	0	9	1	0	2
339	0	9	1	1	0
340	0	9	1	1	1
341	0	9	1	1	2
342	0	9	1	2	0
343	0	9	1	2	1
344	0	9	1	2	2
345	0	9	1	3	0
346	0	9	1	3	1
347	0	9	1	3	2
348	0	9	2	0	0
349	0	9	2	0	1
350	0	9	2	0	2
351	0	9	2	1	0
352	0	9	2	1	1
353	0	9	2	1	2
354	0	9	2	2	0
355	0	9	2	2	1
356	0	9	2	2	2
357	0	9	2	3	0
358	0	9	2	3	1
359	0	9	2	3	2
360	0	10	0	0	0
361	0	10	0	0	1
362	0	10	0	0	2
363	0	10	0	1	0
364	0	10	0	1	1
365	0	10	0	1	2
366	0	10	0	2	0
367	0	10	0	2	1
368	0	10	0	2	2
369	0	10	0	3	0
370	0	10	0	3	1
371	0	10	0	3	2
372	0	10	1	0	0
373	0	10	1	0	1
374	0	10	1	0	2
375	0	10	1	1	0
376	0	10	1	1	1
377	0	10	1	1	2
378	0	10	1	2	0
379	0	10	1	2	1
380	0	10	1	2	2
381	0	10	1	3	0
382	0	10	1	3	1
383	0	10	1	3	2
384	0	10	2	0	0
385	0	10	2	0	1
386	0	10	2	0	2
387	0	10	2	1	0
388	0	10	2	1	1
389	0	10	2	1	2
390	0	10	2	2	0
391	0	10	2	2	1
392	0	10	2	2	2
393	0	10	2	3	0
394	0	10	2	3	1
395	0	10	2	3	2
396	0	11	0	0	0
397	0	11	0	0	1
398	0	11	0	0	2
399	0	11	0	1	0
400	0	11	0	1	1
401	0	11	0	1	2
402	0	11	0	2	0
403	0	11	0	2	1
404	0	11	0	2	2
405	0	11	0	3	0
406	0	11	0	3	1
407	0	11	0	3	2
408	0	11	1	0	0
409	0	11	1	0	1
410	0	11	1	0	2
411	0	11	1	1	0
412	0	11	1	1	1
413	0	11	1	1	2
414	0	11	1	2	0
415	0	11	1	2	1
416	0	11	1	2	2
417	0	11	1	3	0
418	0	11	1	3	1
419	0	11	1	3	2
420	0	11	2	0	0
421	0	11	2	0	1
422	0	11	2	0	2
423	0	11	2	1	0
424	0	11	2	1	1
425	0	11	2	1	2
426	0	11	2	2	0
427	0	11	2	2	1
428	0	11	2	2	2
429	0	11	2	3	0
430	0	11	2	3	1
431	0	11	2	3	2
432	0	12	0	0	0
433	0	12	0	0	1
434	0	12	0	0	2
435	0	12	0	1	0
436	0	12	0	1	1
437	0	12	0	1	2
438	0	12	0	2	0
439	0	12	0	2	1
440	0	12	0	2	2
441	0	12	0	3	0
442	0	12	0	3	1
443	0	12	0	3	2
444	0	12	1	0	0
445	0	12	1	0	1
446	0	12	1	0	2
447	0	12	1	1	0
448	0	12	1	1	1
449	0	12	1	1	2
450	0	12	1	2	0
451	0	12	1	2	1
452	0	12	1	2	2
453	0	12	1	3	0
454	0	12	1	3	1
455	0	12	1	3	2
456	0	12	2	0	0
457	0	12	2	0	1
458	0	12	2	0	2
459	0	12	2	1	0
460	0	12	2	1	1
461	0	12	2	1	2
462	0	12	2	2	0
463	0	12	2	2	1
464	0	12	2	2	2
465	0	12	2	3	0
466	0	12	2	3	1
467	0	12	2	3	2
468	0	13	0	0	0
469	0	13	0	0	1
470	0	13	0	0	2
471	0	13	0	1	0
472	0	13	0	1	1
473	0	13	0	1	2
474	0	13	0	2	0
475	0	13	0	2	1
476	0	13	0	2	2
477	0	13	0	3	0
478	0	13	0	3	1
479	0	13	0	3	2
480	0	13	1	0	0
481	0	13	1	0	1
482	0	13	1	0	2
483	0	13	1	1	0
484	0	13	1	1	1
485	0	13	1	1	2
486	0	13	1	2	0
487	0	13	1	2	1
488	0	13	1	2	2
489	0	13	1	3	0
490	0	13	1	3	1
491	0	13	1	3	2
492	0	13	2	0	0
493	0	13	2	0	1
494	0	13	2	0	2
495	0	13	2	1	0
496	0	13	2	1	1
497	0	13	2	1	2
498	0	13	2	2	0
499	0	13	2	2	1
500	0	13	2	2	2
501	0	13	2	3	0
502	0	13	2	3	1
503	0	13	2	3	2
504	0	14	0	0	0
505	0	14	0	0	1
506	0	14	0	0	2
507	0	14	0	1	0
508	0	14	0	1	1
509	0	14	0	1	2
510	0	14	0	2	0
511	0	14	0	2	1
512	0	14	0	2	2
513	0	14	0	3	0
514	0	14	0	3	1
515	0	14	0	3	2
516	0	14	1	0	0
517	0	14	1	0	1
518	0	14	1	0	2
519	0	14	1	1	0
520	0	14	1	1	1
521	0	14	1	1	2
522	0	14	1	2	0
523	0	14	1	2	1
524	0	14	1	2	2
525	0	14	1	3	0
526	0	14	1	3	1
527	0	14	1	3	2
528	0	14	2	0	0
529	0	14	2	0	1
530	0	14	2	0	2
531	0	14	2	1	0
532	0	14	2	1	1
533	0	14	2	1	2
534	0	14	2	2	0
535	0	14	2	2	1
536	0	14	2	2	2
537	0	14	2	3	0
538	0	14	2	3	1
539	0	14	2	3	2
540	0	15	0	0	0
541	0	15	0	0	1
542	0	15	0	0	2
543	0	15	0	1	0
544	0	15	0	1	1
545	0	15	0	1	2
546	0	15	0	2	0
547	0	15	0	2	1
548	0	15	0	2	2
549	0	15	0	3	0
550	0	15	0	3	1
551	0	15	0	3	2
552	0	15	1	0	0
553	0	15	1	0	1
554	0	15	1	0	2
555	0	15	1	1	0
556	0	15	1	1	1
557	0	15	1	1	2
558	0	15	1	2	0
559	0	15	1	2	1
560	0	15	1	2	2
561	0	15	1	3	0
562	0	15	1	3	1
563	0	15	1	3	2
564	0	15	2	0	0
565	0	15	2	0	1
566	0	15	2	0	2
567	0	15	2	1	0
568	0	15	2	1	1
569	0	15	2	1	2
570	0	15	2	2	0
571	0	15	2	2	1
572	0	15	2	2	2
573	0	15	2	3	0
574	0	15	2	3	1
575	0	15	2	3	2
576	0	16	0	0	0
577	0	16	0	0	1
578	0	16	0	0	2
579	0	16	0	1	0
580	0	16	0	1	1
581	0	16	0	1	2
582	0	16	0	2	0
583	0	16	0	2	1
584	0	16	0	2	2
585	0	16	0	3	0
586	0	16	0	3	1
587	0	16	0	3	2
588	0	16	1	0	0
589	0	16	1	0	1
590	0	16	1	0	2
591	0	16	1	1	0
592	0	16	1	1	1
593	0	16	1	1	2
594	0	16	1	2	0
595	0	16	1	2	1
596	0	16	1	2	2
597	0	16	1	3	0
598	0	16	1	3	1
599	0	16	1	3	2
600	0	16	2	0	0
601	0	16	2	0	1
602	0	16	2	0	2
603	0	16	2	1	0
604	0	16	2	1	1
605	0	16	2	1	2
606	0	16	2	2	0
607	0	16	2	2	1
608	0	16	2	2	2
609	0	16	2	3	0
610	0	16	2	3	1
611	0	16	2	3	2
612	0	17	0	0	0
613	0	17	0	0	1
614	0	17	0	0	2
615	0	17	0	1	0
616	0	17	0	1	1
617	0	17	0	1	2
618	0	17	0	2	0
619	0	17	0	2	1
620	0	17	0	2	2
621	0	17	0	3	0
622	0	17	0	3	1
623	0	17	0	3	2
624	0	17	1	0	0
625	0	17	1	0	1
626	0	17	1	0	2
627	0	17	1	1	0
628	0	17	1	1	1
629	0	17	1	1	2
630	0	17	1	2	0
631	0	17	1	2	1
632	0	17	1	2	2
633	0	17	1	3	0
634	0	17	1	3	1
635	0	17	1	3	2
636	0	17	2	0	0
637	0	17	2	0	1
638	0	17	2	0	2
639	0	17	2	1	0
640	0	17	2	1	1
641	0	17	2	1	2
642	0	17	2	2	0
643	0	17	2	2	1
644	0	17	2	2	2
645	0	17	2	3	0
646	0	17	2	3	1
647	0	17	2	3	2
648	0	18	0	0	0
649	0	18	0	0	1
650	0	18	0	0	2
651	0	18	0	1	0
652	0	18	0	1	1
653	0	18	0	1	2
654	0	18	0	2	0
655	0	18	0	2	1
656	0	18	0	2	2
657	0	18	0	3	0
658	0	18	0	3	1
659	0	18	0	3	2
660	0	18	1	0	0
661	0	18	1	0	1
662	0	18	1	0	2
663	0	18	1	1	0
664	0	18	1	1	1
665	0	18	1	1	2
666	0	18	1	2	0
667	0	18	1	2	1
668	0	18	1	2	2
669	0	18	1	3	0
670	0	18	1	3	1
671	0	18	1	3	2
672	0	18	2	0	0
673	0	18	2	0	1
674	0	18	2	0	2
675	0	18	2	1	0
676	0	18	2	1	1
677	0	18	2	1	2
678	0	18	2	2	0
679	0	18	2	2	1
680	0	18	2	2	2
681	0	18	2	3	0
682	0	18	2	3	1
683	0	18	2	3	2
684	0	19	0	0	0
685	0	19	0	0	1
686	0	19	0	0	2
687	0	19	0	1	0
688	0	19	0	1	1
689	0	19	0	1	2
690	0	19	0	2	0
691	0	19	0	2	1
692	0	19	0	2	2
693	0	19	0	3	0
694	0	19	0	3	1
695	0	19	0	3	2
696	0	19	1	0	0
697	0	19	1	0	1
698	0	19	1	0	2
699	0	19	1	1	0
700	0	19	1	1	1
701	0	19	1	1	2
702	0	19	1	2	0
703	0	19	1	2	1
704	0	19	1	2	2
705	0	19	1	3	0
706	0	19	1	3	1
707	0	19	1	3	2
708	0	19	2	0	0
709	0	19	2	0	1
710	0	19	2	0	2
711	0	19	2	1	0
712	0	19	2	1	1
713	0	19	2	1	2
714	0	19	2	2	0
715	0	19	2	2	1
716	0	19	2	2	2
717	0	19	2	3	0
718	0	19	2	3	1
719	0	19	2	3	2
720	0	20	0	0	0
721	0	20	0	0	1
722	0	20	0	0	2
723	0	20	0	1	0
724	0	20	0	1	1
725	0	20	0	1	2
726	0	20	0	2	0
727	0	20	0	2	1
728	0	20	0	2	2
729	0	20	0	3	0
730	0	20	0	3	1
731	0	20	0	3	2
732	0	20	1	0	0
733	0	20	1	0	1
734	0	20	1	0	2
735	0	20	1	1	0
736	0	20	1	1	1
737	0	20	1	1	2
738	0	20	1	2	0
739	0	20	1	2	1
740	0	20	1	2	2
741	0	20	1	3	0
742	0	20	1	3	1
743	0	20	1	3	2
744	0	20	2	0	0
745	0	20	2	0	1
746	0	20	2	0	2
747	0	20	2	1	0
748	0	20	2	1	1
749	0	20	2	1	2
750	0	20	2	2	0
751	0	20	2	2	1
752	0	20	2	2	2
753	0	20	2	3	0
754	0	20	2	3	1
755	0	20	2	3	2
756	0	21	0	0	0
757	0	21	0	0	1
758	0	21	0	0	2
759	0	21	0	1	0
760	0	21	0	1	1
761	0	21	0	1	2
762	0	21	0	2	0
763	0	21	0	2	1
764	0	21	0	2	2
765	0	21	0	3	0
766	0	21	0	3	1
767	0	21	0	3	2
768	0	21	1	0	0
769	0	21	1	0	1
770	0	21	1	0	2
771	0	21	1	1	0
772	0	21	1	1	1
773	0	21	1	1	2
774	0	21	1	2	0
775	0	21	1	2	1
776	0	21	1	2	2
777	0	21	1	3	0
778	0	21	1	3	1
779	0	21	1	3	2
780	0	21	2	0	0
781	0	21	2	0	1
782	0	21	2	0	2
783	0	21	2	1	0
784	0	21	2	1	1
785	0	21	2	1	2
786	0	21	2	2	0
787	0	21	2	2	1
788	0	21	2	2	2
789	0	21	2	3	0
790	0	21	2	3	1
791	0	21	2	3	2
792	0	22	0	0	0
793	0	22	0	0	1
794	0	22	0	0	2
795	0	22	0	1	0
796	0	22	0	1	1
797	0	22	0	1	2
798	0	22	0	2	0
799	0	22	0	2	1
800	0	22	0	2	2
801	0	22	0	3	0
802	0	22	0	3	1
803	0	22	0	3	2
804	0	22	1	0	0
805	0	22	1	0	1
806	0	22	1	0	2
807	0	22	1	1	0
808	0	22	1	1	1
809	0	22	1	1	2
810	0	22	1	2	0
811	0	22	1	2	1
812	0	22	1	2	2
813	0	22	1	3	0
814	0	22	1	3	1
815	0	22	1	3	2
816	0	22	2	0	0
817	0	22	2	0	1
818	0	22	2	0	2
819	0	22	2	1	0
820	0	22	2	1	1
821	0	22	2	1	2
822	0	22	2	2	0
823	0	22	2	2	1
824	0	22	2	2	2
825	0	22	2	3	0
826	0	22	2	3	1
827	0	22	2	3	2
828	0	23	0	0	0
829	0	23	0	0	1
830	0	23	0	0	2
831	0	23	0	1	0
832	0	23	0	1	1
833	0	23	0	1	2
834	0	23	0	2	0
835	0	23	0	2	1
836	0	23	0	2	2
837	0	23	0	3	0
838	0	23	0	3	1
839	0	23	0	3	2
840	0	23	1	0	0
841	0	23	1	0	1
842	0	23	1	0	2
843	0	23	1	1	0
844	0	23	1	1	1
845	0	23	1	1	2
846	0	23	1	2	0
847	0	23	1	2	1
848	0	23	1	2	2
849	0	23	1	3	0
850	0	23	1	3	1
851	0	23	1	3	2
852	0	23	2	0	0
853	0	23	2	0	1
854	0	23	2	0	2
855	0	23	2	1	0
856	0	23	2	1	1
857	0	23	2	1	2
858	0	23	2	2	0
859	0	23	2	2	1
860	0	23	2	2	2
861	0	23	2	3	0
862	0	23	2	3	1
863	0	23	2	3	2
864	0	24	0	0	0
865	0	24	0	0	1
866	0	24	0	0	2
867	0	24	0	1	0
868	0	24	0	1	1
869	0	24	0	1	2
870	0	24	0	2	0
871	0	24	0	2	1
872	0	24	0	2	2
873	0	24	0	3	0
874	0	24	0	3	1
875	0	24	0	3	2
876	0	24	1	0	0
877	0	24	1	0	1
878	0	24	1	0	2
879	0	24	1	1	0
880	0	24	1	1	1
881	0	24	1	1	2
882	0	24	1	2	0
883	0	24	1	2	1
884	0	24	1	2	2
885	0	24	1	3	0
886	0	24	1	3	1
887	0	24	1	3	2
888	0	24	2	0	0
889	0	24	2	0	1
890	0	24	2	0	2
891	0	24	2	1	0
892	0	24	2	1	1
893	0	24	2	1	2
894	0	24	2	2	0
895	0	24	2	2	1
896	0	24	2	2	2
897	0	24	2	3	0
898	0	24	2	3	1
899	0	24	2	3	2
900	0	25	0	0	0
901	0	25	0	0	1
902	0	25	0	0	2
903	0	25	0	1	0
904	0	25	0	1	1
905	0	25	0	1	2
906	0	25	0	2	0
907	0	25	0	2	1
908	0	25	0	2	2
909	0	25	0	3	0
910	0	25	0	3	1
911	0	25	0	3	2
912	0	25	1	0	0
913	0	25	1	0	1
914	0	25	1	0	2
915	0	25	1	1	0
916	0	25	1	1	1
917	0	25	1	1	2
918	0	25	1	2	0
919	0	25	1	2	1
920	0	25	1	2	2
921	0	25	1	3	0
922	0	25	1	3	1
923	0	25	1	3	2
924	0	25	2	0	0
925	0	25	2	0	1
926	0	25	2	0	2
927	0	25	2	1	0
928	0	25	2	1	1
929	0	25	2	1	2
930	0	25	2	2	0
931	0	25	2	2	1
932	0	25	2	2	2
933	0	25	2	3	0
934	0	25	2	3	1
935	0	25	2	3	2
936	0	26	0	0	0
937	0	26	0	0	1
938	0	26	0	0	2
939	0	26	0	1	0
940	0	26	0	1	1
941	0	26	0	1	2
942	0	26	0	2	0
943	0	26	0	2	1
944	0	26	0	2	2
945	0	26	0	3	0
946	0	26	0	3	1
947	0	26	0	3	2
948	0	26	1	0	0
949	0	26	1	0	1
950	0	26	1	0	2
951	0	26	1	1	0
952	0	26	1	1	1
953	0	26	1	1	2
954	0	26	1	2	0
955	0	26	1	2	1
956	0	26	1	2	2
957	0	26	1	3	0
958	0	26	1	3	1
959	0	26	1	3	2
960	0	26	2	0	0
961	0	26	2	0	1
962	0	26	2	0	2
963	0	26	2	1	0
964	0	26	2	1	1
965	0	26	2	1	2
966	0	26	2	2	0
967	0	26	2	2	1
968	0	26	2	2	2
969	0	26	2	3	0
970	0	26	2	3	1
971	0	26	2	3	2
972	0	27	0	0	0
973	0	27	0	0	1
974	0	27	0	0	2
975	0	27	0	1	0
976	0	27	0	1	1
977	0	27	0	1	2
978	0	27	0	2	0
979	0	27	0	2	1
980	0	27	0	2	2
981	0	27	0	3	0
982	0	27	0	3	1
983	0	27	0	3	2
984	0	27	1	0	0
985	0	27	1	0	1
986	0	27	1	0	2
987	0	27	1	1	0
988	0	27	1	1	1
989	0	27	1	1	2
990	0	27	1	2	0
991	0	27	1	2	1
992	0	27	1	2	2
993	0	27	1	3	0
994	0	27	1	3	1
995	0	27	1	3	2
996	0	27	2	0	0
997	0	27	2	0	1
998	0	27	2	0	2
999	0	27	2	1	0
1000	0	27	2	1	1
1001	0	27	2	1	2
1002	0	27	2	2	0
1003	0	27	2	2	1
1004	0	27	2	2	2
1005	0	27	2	3	0
1006	0	27	2	3	1
1007	0	27	2	3	2
1008	0	28	0	0	0
1009	0	28	0	0	1
1010	0	28	0	0	2
1011	0	28	0	1	0
1012	0	28	0	1	1
1013	0	28	0	1	2
1014	0	28	0	2	0
1015	0	28	0	2	1
1016	0	28	0	2	2
1017	0	28	0	3	0
1018	0	28	0	3	1
1019	0	28	0	3	2
1020	0	28	1	0	0
1021	0	28	1	0	1
1022	0	28	1	0	2
1023	0	28	1	1	0
1024	0	28	1	1	1
1025	0	28	1	1	2
1026	0	28	1	2	0
1027	0	28	1	2	1
1028	0	28	1	2	2
1029	0	28	1	3	0
1030	0	28	1	3	1
1031	0	28	1	3	2
1032	0	28	2	0	0
1033	0	28	2	0	1
1034	0	28	2	0	2
1035	0	28	2	1	0
1036	0	28	2	1	1
1037	0	28	2	1	2
1038	0	28	2	2	0
1039	0	28	2	2	1
1040	0	28	2	2	2
1041	0	28	2	3	0
1042	0	28	2	3	1
1043	0	28	2	3	2
1044	0	29	0	0	0
1045	0	29	0	0	1
1046	0	29	0	0	2
1047	0	29	0	1	0
1048	0	29	0	1	1
1049	0	29	0	1	2
1050	0	29	0	2	0
1051	0	29	0	2	1
1052	0	29	0	2	2
1053	0	29	0	3	0
1054	0	29	0	3	1
1055	0	29	0	3	2
1056	0	29	1	0	0
1057	0	29	1	0	1
1058	0	29	1	0	2
1059	0	29	1	1	0
1060	0	29	1	1	1
1061	0	29	1	1	2
1062	0	29	1	2	0
1063	0	29	1	2	1
1064	0	29	1	2	2
1065	0	29	1	3	0
1066	0	29	1	3	1
1067	0	29	1	3	2
1068	0	29	2	0	0
1069	0	29	2	0	1
1070	0	29	2	0	2
1071	0	29	2	1	0
1072	0	29	2	1	1
1073	0	29	2	1	2
1074	0	29	2	2	0
1075	0	29	2	2	1
1076	0	29	2	2	2
1077	0	29	2	3	0
1078	0	29	2	3	1
1079	0	29	2	3	2
1080	0	30	0	0	0
1081	0	30	0	0	1
1082	0	30	0	0	2
1083	0	30	0	1	0
1084	0	30	0	1	1
1085	0	30	0	1	2
1086	0	30	0	2	0
1087	0	30	0	2	1
1088	0	30	0	2	2
1089	0	30	0	3	0
1090	0	30	0	3	1
1091	0	30	0	3	2
1092	0	30	1	0	0
1093	0	30	1	0	1
1094	0	30	1	0	2
1095	0	30	1	1	0
1096	0	30	1	1	1
1097	0	30	1	1	2
1098	0	30	1	2	0
1099	0	30	1	2	1
1100	0	30	1	2	2
1101	0	30	1	3	0
1102	0	30	1	3	1
1103	0	30	1	3	2
1104	0	30	2	0	0
1105	0	30	2	0	1
1106	0	30	2	0	2
1107	0	30	2	1	0
1108	0	30	2	1	1
1109	0	30	2	1	2
1110	0	30	2	2	0
1111	0	30	2	2	1
1112	0	30	2	2	2
1113	0	30	2	3	0
1114	0	30	2	3	1
1115	0	30	2	3	2
1116	0	31	0	0	0
1117	0	31	0	0	1
1118	0	31	0	0	2
1119	0	31	0	1	0
1120	0	31	0	1	1
1121	0	31	0	1	2
1122	0	31	0	2	0
1123	0	31	0	2	1
1124	0	31	0	2	2
1125	0	31	0	3	0
1126	0	31	0	3	1
1127	0	31	0	3	2
1128	0	31	1	0	0
1129	0	31	1	0	1
1130	0	31	1	0	2
1131	0	31	1	1	0
1132	0	31	1	1	1
1133	0	31	1	1	2
1134	0	31	1	2	0
1135	0	31	1	2	1
1136	0	31	1	2	2
1137	0	31	1	3	0
1138	0	31	1	3	1
1139	0	31	1	3	2
1140	0	31	2	0	0
1141	0	31	2	0	1
1142	0	31	2	0	2
1143	0	31	2	1	0
1144	0	31	2	1	1
1145	0	31	2	1	2
1146	0	31	2	2	0
1147	0	31	2	2	1
1148	0	31	2	2	2
1149	0	31	2	3	0
1150	0	31	2	3	1
1151	0	31	2	3	2
1152	15	0	0	0	0
1153	15	0	0	0	1
1154	15	0	0	0	2
1155	15	0	0	1	0
1156	15	0	0	1	1
1157	15	0	0	1	2
1158	15	0	0	2	0
1159	15	0	0	2	1
1160	15	0	0	2	2
1161	15	0	0	3	0
1162	15	0	0	3	1
1163	15	0	0	3	2
1164	15	0	1	0	0
1165	15	0	1	0	1
1166	15	0	1	0	2
1167	15	0	1	1	0
1168	15	0	1	1	1
1169	15	0	1	1	2
1170	15	0	1	2	0
1171	15	0	1	2	1
1172	15	0	1	2	2
1173	15	0	1	3	0
1174	15	0	1	3	1
1175	15	0	1	3	2
1176	15	0	2	0	0
1177	15	0	2	0	1
1178	15	0	2	0	2
1179	15	0	2	1	0
1180	15	0	2	1	1
1181	15	0	2	1	2
1182	15	0	2	2	0
1183	15	0	2	2	1
1184	15	0	2	2	2
1185	15	0	2	3	0
1186	15	0	2	3	1
1187	15	0	2	3	2
1188	15	1	0	0	0
1189	15	1	0	0	1
1190	15	1	0	0	2
1191	15	1	0	1	0
1192	15	1	0	1	1
1193	15	1	0	1	2
1194	15	1	0	2	0
1195	15	1	0	2	1
1196	15	1	0	2	2
1197	15	1	0	3	0
1198	15	1	0	3	1
1199	15	1	0	3	2
1200	15	1	1	0	0
1201	15	1	1	0	1
1202	15	1	1	0	2
1203	15	1	1	1	0
1204	15	1	1	1	1
1205	15	1	1	1	2
1206	15	1	1	2	0
1207	15	1	1	2	1
1208	15	1	1	2	2
1209	15	1	1	3	0
1210	15	1	1	3	1
1211	15	1	1	3	2
1212	15	1	2	0	0
1213	15	1	2	0	1
1214	15	1	2	0	2
1215	15	1	2	1	0
1216	15	1	2	1	1
1217	15	1	2	1	2
1218	15	1	2	2	0
1219	15	1	2	2	1
1220	15	1	2	2	2
1221	15	1	2	3	0
1222	15	1	2	3	1
1223	15	1	2	3	2
1224	15	2	0	0	0
1225	15	2	0	0	1
1226	15	2	0	0	2
1227	15	2	0	1	0
1228	15	2	0	1	1
1229	15	2	0	1	2
1230	15	2	0	2	0
1231	15	2	0	2	1
1232	15	2	0	2	2
1233	15	2	0	3	0
1234	15	2	0	3	1
1235	15	2	0	3	2
1236	15	2	1	0	0
1237	15	2	1	0	1
1238	15	2	1	0	2
1239	15	2	1	1	0
1240	15	2	1	1	1
1241	15	2	1	1	2
1242	15	2	1	2	0
1243	15	2	1	2	1
1244	15	2	1	2	2
1245	15	2	1	3	0
1246	15	2	1	3	1
1247	15	2	1	3	2
1248	15	2	2	0	0
1249	15	2	2	0	1
1250	15	2	2	0	2
1251	15	2	2	1	0
1252	15	2	2	1	1
1253	15	2	2	1	2
1254	15	2	2	2	0
1255	15	2	2	2	1
1256	15	2	2	2	2
1257	15	2	2	3	0
1258	15	2	2	3	1
1259	15	2	2	3	2
1260	15	3	0	0	0
1261	15	3	0	0	1
1262	15	3	0	0	2
1263	15	3	0	1	0
1264	15	3	0	1	1
1265	15	3	0	1	2
1266	15	3	0	2	0
1267	15	3	0	2	1
1268	15	3	0	2	2
1269	15	3	0	3	0
1270	15	3	0	3	1
1271	15	3	0	3	2
1272	15	3	1	0	0
1273	15	3	1	0	1
1274	15	3	1	0	2
1275	15	3	1	1	0
1276	15	3	1	1	1
1277	15	3	1	1	2
1278	15	3	1	2	0
1279	15	3	1	2	1
1280	15	3	1	2	2
1281	15	3	1	3	0
1282	15	3	1	3	1
1283	15	3	1	3	2
1284	15	3	2	0	0
1285	15	3	2	0	1
1286	15	3	2	0	2
1287	15	3	2	1	0
1288	15	3	2	1	1
1289	15	3	2	1	2
1290	15	3	2	2	0
1291	15	3	2	2	1
1292	15	3	2	2	2
1293	15	3	2	3	0
1294	15	3	2	3	1
1295	15	3	2	3	2
1296	15	4	0	0	0
1297	15	4	0	0	1
1298	15	4	0	0	2
1299	15	4	0	1	0
1300	15	4	0	1	1
1301	15	4	0	1	2
1302	15	4	0	2	0
1303	15	4	0	2	1
1304	15	4	0	2	2
1305	15	4	0	3	0
1306	15	4	0	3	1
1307	15	4	0	3	2
1308	15	4	1	0	0
1309	15	4	1	0	1
1310	15	4	1	0	2
1311	15	4	1	1	0
1312	15	4	1	1	1
1313	15	4	1	1	2
1314	15	4	1	2	0
1315	15	4	1	2	1
1316	15	4	1	2	2
1317	15	4	1	3	0
1318	15	4	1	3	1
1319	15	4	1	3	2
1320	15	4	2	0	0
1321	15	4	2	0	1
1322	15	4	2	0	2
1323	15	4	2	1	0
1324	15	4	2	1	1
1325	15	4	2	1	2
1326	15	4	2	2	0
1327	15	4	2	2	1
1328	15	4	2	2	2
1329	15	4	2	3	0
1330	15	4	2	3	1
1331	15	4	2	3	2
1332	15	5	0	0	0
1333	15	5	0	0	1
1334	15	5	0	0	2
1335	15	5	0	1	0
1336	15	5	0	1	1
1337	15	5	0	1	2
1338	15	5	0	2	0
1339	15	5	0	2	1
1340	15	5	0	2	2
1341	15	5	0	3	0
1342	15	5	0	3	1
1343	15	5	0	3	2
1344	15	5	1	0	0
1345	15	5	1	0	1
1346	15	5	1	0	2
1347	15	5	1	1	0
1348	15	5	1	1	1
1349	15	5	1	1	2
1350	15	5	1	2	0
1351	15	5	1	2	1
1352	15	5	1	2	2
1353	15	5	1	3	0
1354	15	5	1	3	1
1355	15	5	1	3	2
1356	15	5	2	0	0
1357	15	5	2	0	1
1358	15	5	2	0	2
1359	15	5	2	1	0
1360	15	5	2	1	1
1361	15	5	2	1	2
1362	15	5	2	2	0
1363	15	5	2	2	1
1364	15	5	2	2	2
1365	15	5	2	3	0
1366	15	5	2	3	1
1367	15	5	2	3	2
1368	15	6	0	0	0
1369	15	6	0	0	1
1370	15	6	0	0	2
1371	15	6	0	1	0
1372	15	6	0	1	1
1373	15	6	0	1	2
1374	15	6	0	2	0
1375	15	6	0	2	1
1376	15	6	0	2	2
1377	15	6	0	3	0
1378	15	6	0	3	1
1379	15	6	0	3	2
1380	15	6	1	0	0
1381	15	6	1	0	1
1382	15	6	1	0	2
1383	15	6	1	1	0
1384	15	6	1	1	1
1385	15	6	1	1	2
1386	15	6	1	2	0
1387	15	6	1	2	1
1388	15	6	1	2	2
1389	15	6	1	3	0
1390	15	6	1	3	1
1391	15	6	1	3	2
1392	15	6	2	0	0
1393	15	6	2	0	1
1394	15	6	2	0	2
1395	15	6	2	1	0
1396	15	6	2	1	1
1397	15	6	2	1	2
1398	15	6	2	2	0
1399	15	6	2	2	1
1400	15	6	2	2	2
1401	15	6	2	3	0
1402	15	6	2	3	1
1403	15	6	2	3	2
1404	15	7	0	0	0
1405	15	7	0	0	1
1406	15	7	0	0	2
1407	15	7	0	1	0
1408	15	7	0	1	1
1409	15	7	0	1	2
1410	15	7	0	2	0
1411	15	7	0	2	1
1412	15	7	0	2	2
1413	15	7	0	3	0
1414	15	7	0	3	1
1415	15	7	0	3	2
1416	15	7	1	0	0
1417	15	7	1	0	1
1418	15	7	1	0	2
1419	15	7	1	1	0
1420	15	7	1	1	1
1421	15	7	1	1	2
1422	15	7	1	2	0
1423	15	7	1	2	1
1424	15	7	1	2	2
1425	15	7	1	3	0
1426	15	7	1	3	1
1427	15	7	1	3	2
1428	15	7	2	0	0
1429	15	7	2	0	1
1430	15	7	2	0	2
1431	15	7	2	1	0
1432	15	7	2	1	1
1433	15	7	2	1	2
1434	15	7	2	2	0
1435	15	7	2	2	1
1436	15	7	2	2	2
1437	15	7	2	3	0
1438	15	7	2	3	1
1439	15	7	2	3	2
1440	15	8	0	0	0
1441	15	8	0	0	1
1442	15	8	0	0	2
1443	15	8	0	1	0
1444	15	8	0	1	1
1445	15	8	0	1	2
1446	15	8	0	2	0
1447	15	8	0	2	1
1448	15	8	0	2	2
1449	15	8	0	3	0
1450	15	8	0	3	1
1451	15	8	0	3	2
1452	15	8	1	0	0
1453	15	8	1	0	1
1454	15	8	1	0	2
1455	15	8	1	1	0
1456	15	8	1	1	1
1457	15	8	1	1	2
1458	15	8	1	2	0
1459	15	8	1	2	1
1460	15	8	1	2	2
1461	15	8	1	3	0
1462	15	8	1	3	1
1463	15	8	1	3	2
1464	15	8	2	0	0
1465	15	8	2	0	1
1466	15	8	2	0	2
1467	15	8	2	1	0
1468	15	8	2	1	1
1469	15	8	2	1	2
1470	15	8	2	2	0
1471	15	8	2	2	1
1472	15	8	2	2	2
1473	15	8	2	3	0
1474	15	8	2	3	1
1475	15	8	2	3	2
1476	15	9	0	0	0
1477	15	9	0	0	1
1478	15	9	0	0	2
1479	15	9	0	1	0
1480	15	9	0	1	1
1481	15	9	0	1	2
1482	15	9	0	2	0
1483	15	9	0	2	1
1484	15	9	0	2	2
1485	15	9	0	3	0
1486	15	9	0	3	1
1487	15	9	0	3	2
1488	15	9	1	0	0
1489	15	9	1	0	1
1490	15	9	1	0	2
1491	15	9	1	1	0
1492	15	9	1	1	1
1493	15	9	1	1	2
1494	15	9	1	2	0
1495	15	9	1	2	1
1496	15	9	1	2	2
1497	15	9	1	3	0
1498	15	9	1	3	1
1499	15	9	1	3	2
1500	15	9	2	0	0
1501	15	9	2	0	1
1502	15	9	2	0	2
1503	15	9	2	1	0
1504	15	9	2	1	1
1505	15	9	2	1	2
1506	15	9	2	2	0
1507	15	9	2	2	1
1508	15	9	2	2	2
1509	15	9	2	3	0
1510	15	9	2	3	1
1511	15	9	2	3	2
1512	15	10	0	0	0
1513	15	10	0	0	1
1514	15	10	0	0	2
1515	15	10	0	1	0
1516	15	10	0	1	1
1517	15	10	0	1	2
1518	15	10	0	2	0
1519	15	10	0	2	1
1520	15	10	0	2	2
1521	15	10	0	3	0
1522	15	10	0	3	1
1523	15	10	0	3	2
1524	15	10	1	0	0
1525	15	10	1	0	1
1526	15	10	1	0	2
1527	15	10	1	1	0
1528	15	10	1	1	1
1529	15	10	1	1	2
1530	15	10	1	2	0
1531	15	10	1	2	1
1532	15	10	1	2	2
1533	15	10	1	3	0
1534	15	10	1	3	1
1535	15	10	1	3	2
1536	15	10	2	0	0
1537	15	10	2	0	1
1538	15	10	2	0	2
1539	15	10	2	1	0
1540	15	10	2	1	1
1541	15	10	2	1	2
1542	15	10	2	2	0
1543	15	10	2	2	1
1544	15	10	2	2	2
1545	15	10	2	3	0
1546	15	10	2	3	1
1547	15	10	2	3	2
1548	15	11	0	0	0
1549	15	11	0	0	1
1550	15	11	0	0	2
1551	15	11	0	1	0
1552	15	11	0	1	1
1553	15	11	0	1	2
1554	15	11	0	2	0
1555	15	11	0	2	1
1556	15	11	0	2	2
1557	15	11	0	3	0
1558	15	11	0	3	1
1559	15	11	0	3	2
1560	15	11	1	0	0
1561	15	11	1	0	1
1562	15	11	1	0	2
1563	15	11	1	1	0
1564	15	11	1	1	1
1565	15	11	1	1	2
1566	15	11	1	2	0
1567	15	11	1	2	1
1568	15	11	1	2	2
1569	15	11	1	3	0
1570	15	11	1	3	1
1571	15	11	1	3	2
1572	15	11	2	0	0
1573	15	11	2	0	1
1574	15	11	2	0	2
1575	15	11	2	1	0
1576	15	11	2	1	1
1577	15	11	2	1	2
1578	15	11	2	2	0
1579	15	11	2	2	1
1580	15	11	2	2	2
1581	15	11	2	3	0
1582	15	11	2	3	1
1583	15	11	2	3	2
1584	15	12	0	0	0
1585	15	12	0	0	1
1586	15	12	0	0	2
1587	15	12	0	1	0
1588	15	12	0	1	1
1589	15	12	0	1	2
1590	15	12	0	2	0
1591	15	12	0	2	1
1592	15	12	0	2	2
1593	15	12	0	3	0
1594	15	12	0	3	1
1595	15	12	0	3	2
1596	15	12	1	0	0
1597	15	12	1	0	1
1598	15	12	1	0	2
1599	15	12	1	1	0
1600	15	12	1	1	1
1601	15	12	1	1	2
1602	15	12	1	2	0
1603	15	12	1	2	1
1604	15	12	1	2	2
1605	15	12	1	3	0
1606	15	12	1	3	1
1607	15	12	1	3	2
1608	15	12	2	0	0
1609	15	12	2	0	1
1610	15	12	2	0	2
1611	15	12	2	1	0
1612	15	12	2	1	1
1613	15	12	2	1	2
1614	15	12	2	2	0
1615	15	12	2	2	1
1616	15	12	2	2	2
1617	15	12	2	3	0
1618	15	12	2	3	1
1619	15	12	2	3	2
1620	15	13	0	0	0
1621	15	13	0	0	1
1622	15	13	0	0	2
1623	15	13	0	1	0
1624	15	13	0	1	1
1625	15	13	0	1	2
1626	15	13	0	2	0
1627	15	13	0	2	1
1628	15	13	0	2	2
1629	15	13	0	3	0
1630	15	13	0	3	1
1631	15	13	0	3	2
1632	15	13	1	0	0
1633	15	13	1	0	1
1634	15	13	1	0	2
1635	15	13	1	1	0
1636	15	13	1	1	1
1637	15	13	1	1	2
1638	15	13	1	2	0
1639	15	13	1	2	1
1640	15	13	1	2	2
1641	15	13	1	3	0
1642	15	13	1	3	1
1643	15	13	1	3	2
1644	15	13	2	0	0
1645	15	13	2	0	1
1646	15	13	2	0	2
1647	15	13	2	1	0
1648	15	13	2	1	1
1649	15	13	2	1	2
1650	15	13	2	2	0
1651	15	13	2	2	1
1652	15	13	2	2	2
1653	15	13	2	3	0
1654	15	13	2	3	1
1655	15	13	2	3	2
1656	15	14	0	0	0
1657	15	14	0	0	1
1658	15	14	0	0	2
1659	15	14	0	1	0
1660	15	14	0	1	1
1661	15	14	0	1	2
1662	15	14	0	2	0
1663	15	14	0	2	1
1664	15	14	0	2	2
1665	15	14	0	3	0
1666	15	14	0	3	1
1667	15	14	0	3	2
1668	15	14	1	0	0
1669	15	14	1	0	1
1670	15	14	1	0	2
1671	15	14	1	1	0
1672	15	14	1	1	1
1673	15	14	1	1	2
1674	15	14	1	2	0
1675	15	14	1	2	1
1676	15	14	1	2	2
1677	15	14	1	3	0
1678	15	14	1	3	1
1679	15	14	1	3	2
1680	15	14	2	0	0
1681	15	14	2	0	1
1682	15	14	2	0	2
1683	15	14	2	1	0
1684	15	14	2	1	1
1685	15	14	2	1	2
1686	15	14	2	2	0
1687	15	14	2	2	1
1688	15	14	2	2	2
1689	15	14	2	3	0
1690	15	14	2	3	1
1691	15	14	2	3	2
1692	15	15	0	0	0
1693	15	15	0	0	1
1694	15	15	0	0	2
1695	15	15	0	1	0
1696	15	15	0	1	1
1697	15	15	0	1	2
1698	15	15	0	2	0
1699	15	15	0	2	1
1700	15	15	0	2	2
1701	15	15	0	3	0
1702	15	15	0	3	1
1703	15	15	0	3	2
1704	15	15	1	0	0
1705	15	15	1	0	1
1706	15	15	1	0	2
1707	15	15	1	1	0
1708	15	15	1	1	1
1709	15	15	1	1	2
1710	15	15	1	2	0
1711	15	15	1	2	1
1712	15	15	1	2	2
1713	15	15	1	3	0
1714	15	15	1	3	1
1715	15	15	1	3	2
1716	15	15	2	0	0
1717	15	15	2	0	1
1718	15	15	2	0	2
1719	15	15	2	1	0
1720	15	15	2	1	1
1721	15	15	2	1	2
1722	15	15	2	2	0
1723	15	15	2	2	1
1724	15	15	2	2	2
1725	15	15	2	3	0
1726	15	15	2	3	1
1727	15	15	2	3	2
1728	15	16	0	0	0
1729	15	16	0	0	1
1730	15	16	0	0	2
1731	15	16	0	1	0
1732	15	16	0	1	1
1733	15	16	0	1	2
1734	15	16	0	2	0
1735	15	16	0	2	1
1736	15	16	0	2	2
1737	15	16	0	3	0
1738	15	16	0	3	1
1739	15	16	0	3	2
1740	15	16	1	0	0
1741	15	16	1	0	1
1742	15	16	1	0	2
1743	15	16	1	1	0
1744	15	16	1	1	1
1745	15	16	1	1	2
1746	15	16	1	2	0
1747	15	16	1	2	1
1748	15	16	1	2	2
1749	15	16	1	3	0
1750	15	16	1	3	1
1751	15	16	1	3	2
1752	15	16	2	0	0
1753	15	16	2	0	1
1754	15	16	2	0	2
1755	15	16	2	1	0
1756	15	16	2	1	1
1757	15	16	2	1	2
1758	15	16	2	2	0
1759	15	16	2	2	1
1760	15	16	2	2	2
1761	15	16	2	3	0
1762	15	16	2	3	1
1763	15	16	2	3	2
1764	15	17	0	0	0
1765	15	17	0	0	1
1766	15	17	0	0	2
1767	15	17	0	1	0
1768	15	17	0	1	1
1769	15	17	0	1	2
1770	15	17	0	2	0
1771	15	17	0	2	1
1772	15	17	0	2	2
1773	15	17	0	3	0
1774	15	17	0	3	1
1775	15	17	0	3	2
1776	15	17	1	0	0
1777	15	17	1	0	1
1778	15	17	1	0	2
1779	15	17	1	1	0
1780	15	17	1	1	1
1781	15	17	1	1	2
1782	15	17	1	2	0
1783	15	17	1	2	1
1784	15	17	1	2	2
1785	15	17	1	3	0
1786	15	17	1	3	1
1787	15	17	1	3	2
1788	15	17	2	0	0
1789	15	17	2	0	1
1790	15	17	2	0	2
1791	15	17	2	1	0
1792	15	17	2	1	1
1793	15	17	2	1	2
1794	15	17	2	2	0
1795	15	17	2	2	1
1796	15	17	2	2	2
1797	15	17	2	3	0
1798	15	17	2	3	1
1799	15	17	2	3	2
1800	15	18	0	0	0
1801	15	18	0	0	1
1802	15	18	0	0	2
1803	15	18	0	1	0
1804	15	18	0	1	1
1805	15	18	0	1	2
1806	15	18	0	2	0
1807	15	18	0	2	1
1808	15	18	0	2	2
1809	15	18	0	3	0
1810	15	18	0	3	1
1811	15	18	0	3	2
1812	15	18	1	0	0
1813	15	18	1	0	1
1814	15	18	1	0	2
1815	15	18	1	1	0
1816	15	18	1	1	1
1817	15	18	1	1	2
1818	15	18	1	2	0
1819	15	18	1	2	1
1820	15	18	1	2	2
1821	15	18	1	3	0
1822	15	18	1	3	1
1823	15	18	1	3	2
1824	15	18	2	0	0
1825	15	18	2	0	1
1826	15	18	2	0	2
1827	15	18	2	1	0
1828	15	18	2	1	1
1829	15	18	2	1	2
1830	15	18	2	2	0
1831	15	18	2	2	1
1832	15	18	2	2	2
1833	15	18	2	3	0
1834	15	18	2	3	1
1835	15	18	2	3	2
1836	15	19	0	0	0
1837	15	19	0	0	1
1838	15	19	0	0	2
1839	15	19	0	1	0
1840	15	19	0	1	1
1841	15	19	0	1	2
1842	15	19	0	2	0
1843	15	19	0	2	1
1844	15	19	0	2	2
1845	15	19	0	3	0
1846	15	19	0	3	1
1847	15	19	0	3	2
1848	15	19	1	0	0
1849	15	19	1	0	1
1850	15	19	1	0	2
1851	15	19	1	1	0
1852	15	19	1	1	1
1853	15	19	1	1	2
1854	15	19	1	2	0
1855	15	19	1	2	1
1856	15	19	1	2	2
1857	15	19	1	3	0
1858	15	19	1	3	1
1859	15	19	1	3	2
1860	15	19	2	0	0
1861	15	19	2	0	1
1862	15	19	2	0	2
1863	15	19	2	1	0
1864	15	19	2	1	1
1865	15	19	2	1	2
1866	15	19	2	2	0
1867	15	19	2	2	1
1868	15	19	2	2	2
1869	15	19	2	3	0
1870	15	19	2	3	1
1871	15	19	2	3	2
1872	15	20	0	0	0
1873	15	20	0	0	1
1874	15	20	0	0	2
1875	15	20	0	1	0
1876	15	20	0	1	1
1877	15	20	0	1	2
1878	15	20	0	2	0
1879	15	20	0	2	1
1880	15	20	0	2	2
1881	15	20	0	3	0
1882	15	20	0	3	1
1883	15	20	0	3	2
1884	15	20	1	0	0
1885	15	20	1	0	1
1886	15	20	1	0	2
1887	15	20	1	1	0
1888	15	20	1	1	1
1889	15	20	1	1	2
1890	15	20	1	2	0
1891	15	20	1	2	1
1892	15	20	1	2	2
1893	15	20	1	3	0
1894	15	20	1	3	1
1895	15	20	1	3	2
1896	15	20	2	0	0
1897	15	20	2	0	1
1898	15	20	2	0	2
1899	15	20	2	1	0
1900	15	20	2	1	1
1901	15	20	2	1	2
1902	15	20	2	2	0
1903	15	20	2	2	1
1904	15	20	2	2	2
1905	15	20	2	3	0
1906	15	20	2	3	1
1907	15	20	2	3	2
1908	15	21	0	0	0
1909	15	21	0	0	1
1910	15	21	0	0	2
1911	15	21	0	1	0
1912	15	21	0	1	1
1913	15	21	0	1	2
1914	15	21	0	2	0
1915	15	21	0	2	1
1916	15	21	0	2	2
1917	15	21	0	3	0
1918	15	21	0	3	1
1919	15	21	0	3	2
1920	15	21	1	0	0
1921	15	21	1	0	1
1922	15	21	1	0	2
1923	15	21	1	1	0
1924	15	21	1	1	1
1925	15	21	1	1	2
1926	15	21	1	2	0
1927	15	21	1	2	1
1928	15	21	1	2	2
1929	15	21	1	3	0
1930	15	21	1	3	1
1931	15	21	1	3	2
1932	15	21	2	0	0
1933	15	21	2	0	1
1934	15	21	2	0	2
1935	15	21	2	1	0
1936	15	21	2	1	1
1937	15	21	2	1	2
1938	15	21	2	2	0
1939	15	21	2	2	1
1940	15	21	2	2	2
1941	15	21	2	3	0
1942	15	21	2	3	1
1943	15	21	2	3	2
1944	15	22	0	0	0
1945	15	22	0	0	1
1946	15	22	0	0	2
1947	15	22	0	1	0
1948	15	22	0	1	1
1949	15	22	0	1	2
1950	15	22	0	2	0
1951	15	22	0	2	1
1952	15	22	0	2	2
1953	15	22	0	3	0
1954	15	22	0	3	1
1955	15	22	0	3	2
1956	15	22	1	0	0
1957	15	22	1	0	1
1958	15	22	1	0	2
1959	15	22	1	1	0
1960	15	22	1	1	1
1961	15	22	1	1	2
1962	15	22	1	2	0
1963	15	22	1	2	1
1964	15	22	1	2	2
1965	15	22	1	3	0
1966	15	22	1	3	1
1967	15	22	1	3	2
1968	15	22	2	0	0
1969	15	22	2	0	1
1970	15	22	2	0	2
1971	15	22	2	1	0
1972	15	22	2	1	1
1973	15	22	2	1	2
1974	15	22	2	2	0
1975	15	22	2	2	1
1976	15	22	2	2	2
1977	15	22	2	3	0
1978	15	22	2	3	1
1979	15	22	2	3	2
1980	15	23	0	0	0
1981	15	23	0	0	1
1982	15	23	0	0	2
1983	15	23	0	1	0
1984	15	23	0	1	1
1985	15	23	0	1	2
1986	15	23	0	2	0
1987	15	23	0	2	1
1988	15	23	0	2	2
1989	15	23	0	3	0
1990	15	23	0	3	1
1991	15	23	0	3	2
1992	15	23	1	0	0
1993	15	23	1	0	1
1994	15	23	1	0	2
1995	15	23	1	1	0
1996	15	23	1	1	1
1997	15	23	1	1	2
1998	15	23	1	2	0
1999	15	23	1	2	1
2000	15	23	1	2	2
2001	15	23	1	3	0
2002	15	23	1	3	1
2003	15	23	1	3	2
2004	15	23	2	0	0
2005	15	23	2	0	1
2006	15	23	2	0	2
2007	15	23	2	1	0
2008	15	23	2	1	1
2009	15	23	2	1	2
2010	15	23	2	2	0
2011	15	23	2	2	1
2012	15	23	2	2	2
2013	15	23	2	3	0
2014	15	23	2	3	1
2015	15	23	2	3	2
2016	15	24	0	0	0
2017	15	24	0	0	1
2018	15	24	0	0	2
2019	15	24	0	1	0
2020	15	24	0	1	1
2021	15	24	0	1	2
2022	15	24	0	2	0
2023	15	24	0	2	1
2024	15	24	0	2	2
2025	15	24	0	3	0
2026	15	24	0	3	1
2027	15	24	0	3	2
2028	15	24	1	0	0
2029	15	24	1	0	1
2030	15	24	1	0	2
2031	15	24	1	1	0
2032	15	24	1	1	1
2033	15	24	1	1	2
2034	15	24	1	2	0
2035	15	24	1	2	1
2036	15	24	1	2	2
2037	15	24	1	3	0
2038	15	24	1	3	1
2039	15	24	1	3	2
2040	15	24	2	0	0
2041	15	24	2	0	1
2042	15	24	2	0	2
2043	15	24	2	1	0
2044	15	24	2	1	1
2045	15	24	2	1	2
2046	15	24	2	2	0
2047	15	24	2	2	1
2048	15	24	2	2	2
2049	15	24	2	3	0
2050	15	24	2	3	1
2051	15	24	2	3	2
2052	15	25	0	0	0
2053	15	25	0	0	1
2054	15	25	0	0	2
2055	15	25	0	1	0
2056	15	25	0	1	1
2057	15	25	0	1	2
2058	15	25	0	2	0
2059	15	25	0	2	1
2060	15	25	0	2	2
2061	15	25	0	3	0
2062	15	25	0	3	1
2063	15	25	0	3	2
2064	15	25	1	0	0
2065	15	25	1	0	1
2066	15	25	1	0	2
2067	15	25	1	1	0
2068	15	25	1	1	1
2069	15	25	1	1	2
2070	15	25	1	2	0
2071	15	25	1	2	1
2072	15	25	1	2	2
2073	15	25	1	3	0
2074	15	25	1	3	1
2075	15	25	1	3	2
2076	15	25	2	0	0
2077	15	25	2	0	1
2078	15	25	2	0	2
2079	15	25	2	1	0
2080	15	25	2	1	1
2081	15	25	2	1	2
2082	15	25	2	2	0
2083	15	25	2	2	1
2084	15	25	2	2	2
2085	15	25	2	3	0
2086	15	25	2	3	1
2087	15	25	2	3	2
2088	15	26	0	0	0
2089	15	26	0	0	1
2090	15	26	0	0	2
2091	15	26	0	1	0
2092	15	26	0	1	1
2093	15	26	0	1	2
2094	15	26	0	2	0
2095	15	26	0	2	1
2096	15	26	0	2	2
2097	15	26	0	3	0
2098	15	26	0	3	1
2099	15	26	0	3	2
2100	15	26	1	0	0
2101	15	26	1	0	1
2102	15	26	1	0	2
2103	15	26	1	1	0
2104	15	26	1	1	1
2105	15	26	1	1	2
2106	15	26	1	2	0
2107	15	26	1	2	1
2108	15	26	1	2	2
2109	15	26	1	3	0
2110	15	26	1	3	1
2111	15	26	1	3	2
2112	15	26	2	0	0
2113	15	26	2	0	1
2114	15	26	2	0	2
2115	15	26	2	1	0
2116	15	26	2	1	1
2117	15	26	2	1	2
2118	15	26	2	2	0
2119	15	26	2	2	1
2120	15	26	2	2	2
2121	15	26	2	3	0
2122	15	26	2	3	1
2123	15	26	2	3	2
2124	15	27	0	0	0
2125	15	27	0	0	1
2126	15	27	0	0	2
2127	15	27	0	1	0
2128	15	27	0	1	1
2129	15	27	0	1	2
2130	15	27	0	2	0
2131	15	27	0	2	1
2132	15	27	0	2	2
2133	15	27	0	3	0
2134	15	27	0	3	1
2135	15	27	0	3	2
2136	15	27	1	0	0
2137	15	27	1	0	1
2138	15	27	1	0	2
2139	15	27	1	1	0
2140	15	27	1	1	1
2141	15	27	1	1	2
2142	15	27	1	2	0
2143	15	27	1	2	1
2144	15	27	1	2	2
2145	15	27	1	3	0
2146	15	27	1	3	1
2147	15	27	1	3	2
2148	15	27	2	0	0
2149	15	27	2	0	1
2150	15	27	2	0	2
2151	15	27	2	1	0
2152	15	27	2	1	1
2153	15	27	2	1	2
2154	15	27	2	2	0
2155	15	27	2	2	1
2156	15	27	2	2	2
2157	15	27	2	3	0
2158	15	27	2	3	1
2159	15	27	2	3	2
2160	15	28	0	0	0
2161	15	28	0	0	1
2162	15	28	0	0	2
2163	15	28	0	1	0
2164	15	28	0	1	1
2165	15	28	0	1	2
2166	15	28	0	2	0
2167	15	28	0	2	1
2168	15	28	0	2	2
2169	15	28	0	3	0
2170	15	28	0	3	1
2171	15	28	0	3	2
2172	15	28	1	0	0
2173	15	28	1	0	1
2174	15	28	1	0	2
2175	15	28	1	1	0
2176	15	28	1	1	1
2177	15	28	1	1	2
2178	15	28	1	2	0
2179	15	28	1	2	1
2180	15	28	1	2	2
2181	15	28	1	3	0
2182	15	28	1	3	1
2183	15	28	1	3	2
2184	15	28	2	0	0
2185	15	28	2	0	1
2186	15	28	2	0	2
2187	15	28	2	1	0
2188	15	28	2	1	1
2189	15	28	2	1	2
2190	15	28	2	2	0
2191	15	28	2	2	1
2192	15	28	2	2	2
2193	15	28	2	3	0
2194	15	28	2	3	1
2195	15	28	2	3	2
2196	15	29	0	0	0
2197	15	29	0	0	1
2198	15	29	0	0	2
2199	15	29	0	1	0
2200	15	29	0	1	1
2201	15	29	0	1	2
2202	15	29	0	2	0
2203	15	29	0	2	1
2204	15	29	0	2	2
2205	15	29	0	3	0
2206	15	29	0	3	1
2207	15	29	0	3	2
2208	15	29	1	0	0
2209	15	29	1	0	1
2210	15	29	1	0	2
2211	15	29	1	1	0
2212	15	29	1	1	1
2213	15	29	1	1	2
2214	15	29	1	2	0
2215	15	29	1	2	1
2216	15	29	1	2	2
2217	15	29	1	3	0
2218	15	29	1	3	1
2219	15	29	1	3	2
2220	15	29	2	0	0
2221	15	29	2	0	1
2222	15	29	2	0	2
2223	15	29	2	1	0
2224	15	29	2	1	1
2225	15	29	2	1	2
2226	15	29	2	2	0
2227	15	29	2	2	1
2228	15	29	2	2	2
2229	15	29	2	3	0
2230	15	29	2	3	1
2231	15	29	2	3	2
2232	15	30	0	0	0
2233	15	30	0	0	1
2234	15	30	0	0	2
2235	15	30	0	1	0
2236	15	30	0	1	1
2237	15	30	0	1	2
2238	15	30	0	2	0
2239	15	30	0	2	1
2240	15	30	0	2	2
2241	15	30	0	3	0
2242	15	30	0	3	1
2243	15	30	0	3	2
2244	15	30	1	0	0
2245	15	30	1	0	1
2246	15	30	1	0	2
2247	15	30	1	1	0
2248	15	30	1	1	1
2249	15	30	1	1	2
2250	15	30	1	2	0
2251	15	30	1	2	1
2252	15	30	1	2	2
2253	15	30	1	3	0
2254	15	30	1	3	1
2255	15	30	1	3	2
2256	15	30	2	0	0
2257	15	30	2	0	1
2258	15	30	2	0	2
2259	15	30	2	1	0
2260	15	30	2	1	1
2261	15	30	2	1	2
2262	15	30	2	2	0
2263	15	30	2	2	1
2264	15	30	2	2	2
2265	15	30	2	3	0
2266	15	30	2	3	1
2267	15	30	2	3	2
2268	15	31	0	0	0
2269	15	31	0	0	1
2270	15	31	0	0	2
2271	15	31	0	1	0
2272	15	31	0	1	1
2273	15	31	0	1	2
2274	15	31	0	2	0
2275	15	31	0	2	1
2276	15	31	0	2	2
2277	15	31	0	3	0
2278	15	31	0	3	1
2279	15	31	0	3	2
2280	15	31	1	0	0
2281	15	31	1	0	1
2282	15	31	1	0	2
2283	15	31	1	1	0
2284	15	31	1	1	1
2285	15	31	1	1	2
2286	15	31	1	2	0
2287	15	31	1	2	1
2288	15	31	1	2	2
2289	15	31	1	3	0
2290	15	31	1	3	1
2291	15	31	1	3	2
2292	15	31	2	0	0
2293	15	31	2	0	1
2294	15	31	2	0	2
2295	15	31	2	1	0
2296	15	31	2	1	1
2297	15	31	2	1	2
2298	15	31	2	2	0
2299	15	31	2	2	1
2300	15	31	2	2	2
2301	15	31	2	3	0
2302	15	31	2	3	1
2303	15	31	2	3	2
2304	29	0	0	0	0
2305	29	0	0	0	1
2306	29	0	0	0	2
2307	29	0	0	1	0
2308	29	0	0	1	1
2309	29	0	0	1	2
2310	29	0	0	2	0
2311	29	0	0	2	1
2312	29	0	0	2	2
2313	29	0	0	3	0
2314	29	0	0	3	1
2315	29	0	0	3	2
2316	29	0	1	0	0
2317	29	0	1	0	1
2318	29	0	1	0	2
2319	29	0	1	1	0
2320	29	0	1	1	1
2321	29	0	1	1	2
2322	29	0	1	2	0
2323	29	0	1	2	1
2324	29	0	1	2	2
2325	29	0	1	3	0
2326	29	0	1	3	1
2327	29	0	1	3	2
2328	29	0	2	0	0
2329	29	0	2	0	1
2330	29	0	2	0	2
2331	29	0	2	1	0
2332	29	0	2	1	1
2333	29	0	2	1	2
2334	29	0	2	2	0
2335	29	0	2	2	1
2336	29	0	2	2	2
2337	29	0	2	3	0
2338	29	0	2	3	1
2339	29	0	2	3	2
2340	29	1	0	0	0
2341	29	1	0	0	1
2342	29	1	0	0	2
2343	29	1	0	1	0
2344	29	1	0	1	1
2345	29	1	0	1	2
2346	29	1	0	2	0
2347	29	1	0	2	1
2348	29	1	0	2	2
2349	29	1	0	3	0
2350	29	1	0	3	1
2351	29	1	0	3	2
2352	29	1	1	0	0
2353	29	1	1	0	1
2354	29	1	1	0	2
2355	29	1	1	1	0
2356	29	1	1	1	1
2357	29	1	1	1	2
2358	29	1	1	2	0
2359	29	1	1	2	1
2360	29	1	1	2	2
2361	29	1	1	3	0
2362	29	1	1	3	1
2363	29	1	1	3	2
2364	29	1	2	0	0
2365	29	1	2	0	1
2366	29	1	2	0	2
2367	29	1	2	1	0
2368	29	1	2	1	1
2369	29	1	2	1	2
2370	29	1	2	2	0
2371	29	1	2	2	1
2372	29	1	2	2	2
2373	29	1	2	3	0
2374	29	1	2	3	1
2375	29	1	2	3	2
2376	29	2	0	0	0
2377	29	2	0	0	1
2378	29	2	0	0	2
2379	29	2	0	1	0
2380	29	2	0	1	1
2381	29	2	0	1	2
2382	29	2	0	2	0
2383	29	2	0	2	1
2384	29	2	0	2	2
2385	29	2	0	3	0
2386	29	2	0	3	1
2387	29	2	0	3	2
2388	29	2	1	0	0
2389	29	2	1	0	1
2390	29	2	1	0	2
2391	29	2	1	1	0
2392	29	2	1	1	1
2393	29	2	1	1	2
2394	29	2	1	2	0
2395	29	2	1	2	1
2396	29	2	1	2	2
2397	29	2	1	3	0
2398	29	2	1	3	1
2399	29	2	1	3	2
2400	29	2	2	0	0
2401	29	2	2	0	1
2402	29	2	2	0	2
2403	29	2	2	1	0
2404	29	2	2	1	1
2405	29	2	2	1	2
2406	29	2	2	2	0
2407	29	2	2	2	1
2408	29	2	2	2	2
2409	29	2	2	3	0
2410	29	2	2	3	1
2411	29	2	2	3	2
2412	29	3	0	0	0
2413	29	3	0	0	1
2414	29	3	0	0	2
2415	29	3	0	1	0
2416	29	3	0	1	1
2417	29	3	0	1	2
2418	29	3	0	2	0
2419	29	3	0	2	1
2420	29	3	0	2	2
2421	29	3	0	3	0
2422	29	3	0	3	1
2423	29	3	0	3	2
2424	29	3	1	0	0
2425	29	3	1	0	1
2426	29	3	1	0	2
2427	29	3	1	1	0
2428	29	3	1	1	1
2429	29	3	1	1	2
2430	29	3	1	2	0
2431	29	3	1	2	1
2432	29	3	1	2	2
2433	29	3	1	3	0
2434	29	3	1	3	1
2435	29	3	1	3	2
2436	29	3	2	0	0
2437	29	3	2	0	1
2438	29	3	2	0	2
2439	29	3	2	1	0
2440	29	3	2	1	1
2441	29	3	2	1	2
2442	29	3	2	2	0
2443	29	3	2	2	1
2444	29	3	2	2	2
2445	29	3	2	3	0
2446	29	3	2	3	1
2447	29	3	2	3	2
2448	29	4	0	0	0
2449	29	4	0	0	1
2450	29	4	0	0	2
2451	29	4	0	1	0
2452	29	4	0	1	1
2453	29	4	0	1	2
2454	29	4	0	2	0
2455	29	4	0	2	1
2456	29	4	0	2	2
2457	29	4	0	3	0
2458	29	4	0	3	1
2459	29	4	0	3	2
2460	29	4	1	0	0
2461	29	4	1	0	1
2462	29	4	1	0	2
2463	29	4	1	1	0
2464	29	4	1	1	1
2465	29	4	1	1	2
2466	29	4	1	2	0
2467	29	4	1	2	1
2468	29	4	1	2	2
2469	29	4	1	3	0
2470	29	4	1	3	1
2471	29	4	1	3	2
2472	29	4	2	0	0
2473	29	4	2	0	1
2474	29	4	2	0	2
2475	29	4	2	1	0
2476	29	4	2	1	1
2477	29	4	2	1	2
2478	29	4	2	2	0
2479	29	4	2	2	1
2480	29	4	2	2	2
2481	29	4	2	3	0
2482	29	4	2	3	1
2483	29	4	2	3	2
2484	29	5	0	0	0
2485	29	5	0	0	1
2486	29	5	0	0	2
2487	29	5	0	1	0
2488	29	5	0	1	1
2489	29	5	0	1	2
2490	29	5	0	2	0
2491	29	5	0	2	1
2492	29	5	0	2	2
2493	29	5	0	3	0
2494	29	5	0	3	1
2495	29	5	0	3	2
2496	29	5	1	0	0
2497	29	5	1	0	1
2498	29	5	1	0	2
2499	29	5	1	1	0
2500	29	5	1	1	1
2501	29	5	1	1	2
2502	29	5	1	2	0
2503	29	5	1	2	1
2504	29	5	1	2	2
2505	29	5	1	3	0
2506	29	5	1	3	1
2507	29	5	1	3	2
2508	29	5	2	0	0
2509	29	5	2	0	1
2510	29	5	2	0	2
2511	29	5	2	1	0
2512	29	5	2	1	1
2513	29	5	2	1	2
2514	29	5	2	2	0
2515	29	5	2	2	1
2516	29	5	2	2	2
2517	29	5	2	3	0
2518	29	5	2	3	1
2519	29	5	2	3	2
2520	29	6	0	0	0
2521	29	6	0	0	1
2522	29	6	0	0	2
2523	29	6	0	1	0
2524	29	6	0	1	1
2525	29	6	0	1	2
2526	29	6	0	2	0
2527	29	6	0	2	1
2528	29	6	0	2	2
2529	29	6	0	3	0
2530	29	6	0	3	1
2531	29	6	0	3	2
2532	29	6	1	0	0
2533	29	6	1	0	1
2534	29	6	1	0	2
2535	29	6	1	1	0
2536	29	6	1	1	1
2537	29	6	1	1	2
2538	29	6	1	2	0
2539	29	6	1	2	1
2540	29	6	1	2	2
2541	29	6	1	3	0
2542	29	6	1	3	1
2543	29	6	1	3	2
2544	29	6	2	0	0
2545	29	6	2	0	1
2546	29	6	2	0	2
2547	29	6	2	1	0
2548	29	6	2	1	1
2549	29	6	2	1	2
2550	29	6	2	2	0
2551	29	6	2	2	1
2552	29	6	2	2	2
2553	29	6	2	3	0
2554	29	6	2	3	1
2555	29	6	2	3	2
2556	29	7	0	0	0
2557	29	7	0	0	1
2558	29	7	0	0	2
2559	29	7	0	1	0
2560	29	7	0	1	1
2561	29	7	0	1	2
2562	29	7	0	2	0
2563	29	7	0	2	1
2564	29	7	0	2	2
2565	29	7	0	3	0
2566	29	7	0	3	1
2567	29	7	0	3	2
2568	29	7	1	0	0
2569	29	7	1	0	1
2570	29	7	1	0	2
2571	29	7	1	1	0
2572	29	7	1	1	1
2573	29	7	1	1	2
2574	29	7	1	2	0
2575	29	7	1	2	1
2576	29	7	1	2	2
2577	29	7	1	3	0
2578	29	7	1	3	1
2579	29	7	1	3	2
2580	29	7	2	0	0
2581	29	7	2	0	1
2582	29	7	2	0	2
2583	29	7	2	1	0
2584	29	7	2	1	1
2585	29	7	2	1	2
2586	29	7	2	2	0
2587	29	7	2	2	1
2588	29	7	2	2	2
2589	29	7	2	3	0
2590	29	7	2	3	1
2591	29	7	2	3	2
2592	29	8	0	0	0
2593	29	8	0	0	1
2594	29	8	0	0	2
2595	29	8	0	1	0
2596	29	8	0	1	1
2597	29	8	0	1	2
2598	29	8	0	2	0
2599	29	8	0	2	1
2600	29	8	0	2	2
2601	29	8	0	3	0
2602	29	8	0	3	1
2603	29	8	0	3	2
2604	29	8	1	0	0
2605	29	8	1	0	1
2606	29	8	1	0	2
2607	29	8	1	1	0
2608	29	8	1	1	1
2609	29	8	1	1	2
2610	29	8	1	2	0
2611	29	8	1	2	1
2612	29	8	1	2	2
2613	29	8	1	3	0
2614	29	8	1	3	1
2615	29	8	1	3	2
2616	29	8	2	0	0
2617	29	8	2	0	1
2618	29	8	2	0	2
2619	29	8	2	1	0
2620	29	8	2	1	1
2621	29	8	2	1	2
2622	29	8	2	2	0
2623	29	8	2	2	1
2624	29	8	2	2	2
2625	29	8	2	3	0
2626	29	8	2	3	1
2627	29	8	2	3	2
2628	29	9	0	0	0
2629	29	9	0	0	1
2630	29	9	0	0	2
2631	29	9	0	1	0
2632	29	9	0	1	1
2633	29	9	0	1	2
2634	29	9	0	2	0
2635	29	9	0	2	1
2636	29	9	0	2	2
2637	29	9	0	3	0
2638	29	9	0	3	1
2639	29	9	0	3	2
2640	29	9	1	0	0
2641	29	9	1	0	1
2642	29	9	1	0	2
2643	29	9	1	1	0
2644	29	9	1	1	1
2645	29	9	1	1	2
2646	29	9	1	2	0
2647	29	9	1	2	1
2648	29	9	1	2	2
2649	29	9	1	3	0
2650	29	9	1	3	1
2651	29	9	1	3	2
2652	29	9	2	0	0
2653	29	9	2	0	1
2654	29	9	2	0	2
2655	29	9	2	1	0
2656	29	9	2	1	1
2657	29	9	2	1	2
2658	29	9	2	2	0
2659	29	9	2	2	1
2660	29	9	2	2	2
2661	29	9	2	3	0
2662	29	9	2	3	1
2663	29	9	2	3	2
2664	29	10	0	0	0
2665	29	10	0	0	1
2666	29	10	0	0	2
2667	29	10	0	1	0
2668	29	10	0	1	1
2669	29	10	0	1	2
2670	29	10	0	2	0
2671	29	10	0	2	1
2672	29	10	0	2	2
2673	29	10	0	3	0
2674	29	10	0	3	1
2675	29	10	0	3	2
2676	29	10	1	0	0
2677	29	10	1	0	1
2678	29	10	1	0	2
2679	29	10	1	1	0
2680	29	10	1	1	1
2681	29	10	1	1	2
2682	29	10	1	2	0
2683	29	10	1	2	1
2684	29	10	1	2	2
2685	29	10	1	3	0
2686	29	10	1	3	1
2687	29	10	1	3	2
2688	29	10	2	0	0
2689	29	10	2	0	1
2690	29	10	2	0	2
2691	29	10	2	1	0
2692	29	10	2	1	1
2693	29	10	2	1	2
2694	29	10	2	2	0
2695	29	10	2	2	1
2696	29	10	2	2	2
2697	29	10	2	3	0
2698	29	10	2	3	1
2699	29	10	2	3	2
2700	29	11	0	0	0
2701	29	11	0	0	1
2702	29	11	0	0	2
2703	29	11	0	1	0
2704	29	11	0	1	1
2705	29	11	0	1	2
2706	29	11	0	2	0
2707	29	11	0	2	1
2708	29	11	0	2	2
2709	29	11	0	3	0
2710	29	11	0	3	1
2711	29	11	0	3	2
2712	29	11	1	0	0
2713	29	11	1	0	1
2714	29	11	1	0	2
2715	29	11	1	1	0
2716	29	11	1	1	1
2717	29	11	1	1	2
2718	29	11	1	2	0
2719	29	11	1	2	1
2720	29	11	1	2	2
2721	29	11	1	3	0
2722	29	11	1	3	1
2723	29	11	1	3	2
2724	29	11	2	0	0
2725	29	11	2	0	1
2726	29	11	2	0	2
2727	29	11	2	1	0
2728	29	11	2	1	1
2729	29	11	2	1	2
2730	29	11	2	2	0
2731	29	11	2	2	1
2732	29	11	2	2	2
2733	29	11	2	3	0
2734	29	11	2	3	1
2735	29	11	2	3	2
2736	29	12	0	0	0
2737	29	12	0	0	1
2738	29	12	0	0	2
2739	29	12	0	1	0
2740	29	12	0	1	1
2741	29	12	0	1	2
2742	29	12	0	2	0
2743	29	12	0	2	1
2744	29	12	0	2	2
2745	29	12	0	3	0
2746	29	12	0	3	1
2747	29	12	0	3	2
2748	29	12	1	0	0
2749	29	12	1	0	1
2750	29	12	1	0	2
2751	29	12	1	1	0
2752	29	12	1	1	1
2753	29	12	1	1	2
2754	29	12	1	2	0
2755	29	12	1	2	1
2756	29	12	1	2	2
2757	29	12	1	3	0
2758	29	12	1	3	1
2759	29	12	1	3	2
2760	29	12	2	0	0
2761	29	12	2	0	1
2762	29	12	2	0	2
2763	29	12	2	1	0
2764	29	12	2	1	1
2765	29	12	2	1	2
2766	29	12	2	2	0
2767	29	12	2	2	1
2768	29	12	2	2	2
2769	29	12	2	3	0
2770	29	12	2	3	1
2771	29	12	2	3	2
2772	29	13	0	0	0
2773	29	13	0	0	1
2774	29	13	0	0	2
2775	29	13	0	1	0
2776	29	13	0	1	1
2777	29	13	0	1	2
2778	29	13	0	2	0
2779	29	13	0	2	1
2780	29	13	0	2	2
2781	29	13	0	3	0
2782	29	13	0	3	1
2783	29	13	0	3	2
2784	29	13	1	0	0
2785	29	13	1	0	1
2786	29	13	1	0	2
2787	29	13	1	1	0
2788	29	13	1	1	1
2789	29	13	1	1	2
2790	29	13	1	2	0
2791	29	13	1	2	1
2792	29	13	1	2	2
2793	29	13	1	3	0
2794	29	13	1	3	1
2795	29	13	1	3	2
2796	29	13	2	0	0
2797	29	13	2	0	1
2798	29	13	2	0	2
2799	29	13	2	1	0
2800	29	13	2	1	1
2801	29	13	2	1	2
2802	29	13	2	2	0
2803	29	13	2	2	1
2804	29	13	2	2	2
2805	29	13	2	3	0
2806	29	13	2	3	1
2807	29	13	2	3	2
2808	29	14	0	0	0
2809	29	14	0	0	1
2810	29	14	0	0	2
2811	29	14	0	1	0
2812	29	14	0	1	1
2813	29	14	0	1	2
2814	29	14	0	2	0
2815	29	14	0	2	1
2816	29	14	0	2	2
2817	29	14	0	3	0
2818	29	14	0	3	1
2819	29	14	0	3	2
2820	29	14	1	0	0
2821	29	14	1	0	1
2822	29	14	1	0	2
2823	29	14	1	1	0
2824	29	14	1	1	1
2825	29	14	1	1	2
2826	29	14	1	2	0
2827	29	14	1	2	1
2828	29	14	1	2	2
2829	29	14	1	3	0
2830	29	14	1	3	1
2831	29	14	1	3	2
2832	29	14	2	0	0
2833	29	14	2	0	1
2834	29	14	2	0	2
2835	29	14	2	1	0
2836	29	14	2	1	1
2837	29	14	2	1	2
2838	29	14	2	2	0
2839	29	14	2	2	1
2840	29	14	2	2	2
2841	29	14	2	3	0
2842	29	14	2	3	1
2843	29	14	2	3	2
2844	29	15	0	0	0
2845	29	15	0	0	1
2846	29	15	0	0	2
2847	29	15	0	1	0
2848	29	15	0	1	1
2849	29	15	0	1	2
2850	29	15	0	2	0
2851	29	15	0	2	1
2852	29	15	0	2	2
2853	29	15	0	3	0
2854	29	15	0	3	1
2855	29	15	0	3	2
2856	29	15	1	0	0
2857	29	15	1	0	1
2858	29	15	1	0	2
2859	29	15	1	1	0
2860	29	15	1	1	1
2861	29	15	1	1	2
2862	29	15	1	2	0
2863	29	15	1	2	1
2864	29	15	1	2	2
2865	29	15	1	3	0
2866	29	15	1	3	1
2867	29	15	1	3	2
2868	29	15	2	0	0
2869	29	15	2	0	1
2870	29	15	2	0	2
2871	29	15	2	1	0
2872	29	15	2	1	1
2873	29	15	2	1	2
2874	29	15	2	2	0
2875	29	15	2	2	1
2876	29	15	2	2	2
2877	29	15	2	3	0
2878	29	15	2	3	1
2879	29	15	2	3	2
2880	29	16	0	0	0
2881	29	16	0	0	1
2882	29	16	0	0	2
2883	29	16	0	1	0
2884	29	16	0	1	1
2885	29	16	0	1	2
2886	29	16	0	2	0
2887	29	16	0	2	1
2888	29	16	0	2	2
2889	29	16	0	3	0
2890	29	16	0	3	1
2891	29	16	0	3	2
2892	29	16	1	0	0
2893	29	16	1	0	1
2894	29	16	1	0	2
2895	29	16	1	1	0
2896	29	16	1	1	1
2897	29	16	1	1	2
2898	29	16	1	2	0
2899	29	16	1	2	1
2900	29	16	1	2	2
2901	29	16	1	3	0
2902	29	16	1	3	1
2903	29	16	1	3	2
2904	29	16	2	0	0
2905	29	16	2	0	1
2906	29	16	2	0	2
2907	29	16	2	1	0
2908	29	16	2	1	1
2909	29	16	2	1	2
2910	29	16	2	2	0
2911	29	16	2	2	1
2912	29	16	2	2	2
2913	29	16	2	3	0
2914	29	16	2	3	1
2915	29	16	2	3	2
2916	29	17	0	0	0
2917	29	17	0	0	1
2918	29	17	0	0	2
2919	29	17	0	1	0
2920	29	17	0	1	1
2921	29	17	0	1	2
2922	29	17	0	2	0
2923	29	17	0	2	1
2924	29	17	0	2	2
2925	29	17	0	3	0
2926	29	17	0	3	1
2927	29	17	0	3	2
2928	29	17	1	0	0
2929	29	17	1	0	1
2930	29	17	1	0	2
2931	29	17	1	1	0
2932	29	17	1	1	1
2933	29	17	1	1	2
2934	29	17	1	2	0
2935	29	17	1	2	1
2936	29	17	1	2	2
2937	29	17	1	3	0
2938	29	17	1	3	1
2939	29	17	1	3	2
2940	29	17	2	0	0
2941	29	17	2	0	1
2942	29	17	2	0	2
2943	29	17	2	1	0
2944	29	17	2	1	1
2945	29	17	2	1	2
2946	29	17	2	2	0
2947	29	17	2	2	1
2948	29	17	2	2	2
2949	29	17	2	3	0
2950	29	17	2	3	1
2951	29	17	2	3	2
2952	29	18	0	0	0
2953	29	18	0	0	1
2954	29	18	0	0	2
2955	29	18	0	1	0
2956	29	18	0	1	1
2957	29	18	0	1	2
2958	29	18	0	2	0
2959	29	18	0	2	1
2960	29	18	0	2	2
2961	29	18	0	3	0
2962	29	18	0	3	1
2963	29	18	0	3	2
2964	29	18	1	0	0
2965	29	18	1	0	1
2966	29	18	1	0	2
2967	29	18	1	1	0
2968	29	18	1	1	1
2969	29	18	1	1	2
2970	29	18	1	2	0
2971	29	18	1	2	1
2972	29	18	1	2	2
2973	29	18	1	3	0
2974	29	18	1	3	1
2975	29	18	1	3	2
2976	29	18	2	0	0
2977	29	18	2	0	1
2978	29	18	2	0	2
2979	29	18	2	1	0
2980	29	18	2	1	1
2981	29	18	2	1	2
2982	29	18	2	2	0
2983	29	18	2	2	1
2984	29	18	2	2	2
2985	29	18	2	3	0
2986	29	18	2	3	1
2987	29	18	2	3	2
2988	29	19	0	0	0
2989	29	19	0	0	1
2990	29	19	0	0	2
2991	29	19	0	1	0
2992	29	19	0	1	1
2993	29	19	0	1	2
2994	29	19	0	2	0
2995	29	19	0	2	1
2996	29	19	0	2	2
2997	29	19	0	3	0
2998	29	19	0	3	1
2999	29	19	0	3	2
3000	29	19	1	0	0
3001	29	19	1	0	1
3002	29	19	1	0	2
3003	29	19	1	1	0
3004	29	19	1	1	1
3005	29	19	1	1	2
3006	29	19	1	2	0
3007	29	19	1	2	1
3008	29	19	1	2	2
3009	29	19	1	3	0
3010	29	19	1	3	1
3011	29	19	1	3	2
3012	29	19	2	0	0
3013	29	19	2	0	1
3014	29	19	2	0	2
3015	29	19	2	1	0
3016	29	19	2	1	1
3017	29	19	2	1	2
3018	29	19	2	2	0
3019	29	19	2	2	1
3020	29	19	2	2	2
3021	29	19	2	3	0
3022	29	19	2	3	1
3023	29	19	2	3	2
3024	29	20	0	0	0
3025	29	20	0	0	1
3026	29	20	0	0	2
3027	29	20	0	1	0
3028	29	20	0	1	1
3029	29	20	0	1	2
3030	29	20	0	2	0
3031	29	20	0	2	1
3032	29	20	0	2	2
3033	29	20	0	3	0
3034	29	20	0	3	1
3035	29	20	0	3	2
3036	29	20	1	0	0
3037	29	20	1	0	1
3038	29	20	1	0	2
3039	29	20	1	1	0
3040	29	20	1	1	1
3041	29	20	1	1	2
3042	29	20	1	2	0
3043	29	20	1	2	1
3044	29	20	1	2	2
3045	29	20	1	3	0
3046	29	20	1	3	1
3047	29	20	1	3	2
3048	29	20	2	0	0
3049	29	20	2	0	1
3050	29	20	2	0	2
3051	29	20	2	1	0
3052	29	20	2	1	1
3053	29	20	2	1	2
3054	29	20	2	2	0
3055	29	20	2	2	1
3056	29	20	2	2	2
3057	29	20	2	3	0
3058	29	20	2	3	1
3059	29	20	2	3	2
3060	29	21	0	0	0
3061	29	21	0	0	1
3062	29	21	0	0	2
3063	29	21	0	1	0
3064	29	21	0	1	1
3065	29	21	0	1	2
3066	29	21	0	2	0
3067	29	21	0	2	1
3068	29	21	0	2	2
3069	29	21	0	3	0
3070	29	21	0	3	1
3071	29	21	0	3	2
3072	29	21	1	0	0
3073	29	21	1	0	1
3074	29	21	1	0	2
3075	29	21	1	1	0
3076	29	21	1	1	1
3077	29	21	1	1	2
3078	29	21	1	2	0
3079	29	21	1	2	1
3080	29	21	1	2	2
3081	29	21	1	3	0
3082	29	21	1	3	1
3083	29	21	1	3	2
3084	29	21	2	0	0
3085	29	21	2	0	1
3086	29	21	2	0	2
3087	29	21	2	1	0
3088	29	21	2	1	1
3089	29	21	2	1	2
3090	29	21	2	2	0
3091	29	21	2	2	1
3092	29	21	2	2	2
3093	29	21	2	3	0
3094	29	21	2	3	1
3095	29	21	2	3	2
3096	29	22	0	0	0
3097	29	22	0	0	1
3098	29	22	0	0	2
3099	29	22	0	1	0
3100	29	22	0	1	1
3101	29	22	0	1	2
3102	29	22	0	2	0
3103	29	22	0	2	1
3104	29	22	0	2	2
3105	29	22	0	3	0
3106	29	22	0	3	1
3107	29	22	0	3	2
3108	29	22	1	0	0
3109	29	22	1	0	1
3110	29	22	1	0	2
3111	29	22	1	1	0
3112	29	22	1	1	1
3113	29	22	1	1	2
3114	29	22	1	2	0
3115	29	22	1	2	1
3116	29	22	1	2	2
3117	29	22	1	3	0
3118	29	22	1	3	1
3119	29	22	1	3	2
3120	29	22	2	0	0
3121	29	22	2	0	1
3122	29	22	2	0	2
3123	29	22	2	1	0
3124	29	22	2	1	1
3125	29	22	2	1	2
3126	29	22	2	2	0
3127	29	22	2	2	1
3128	29	22	2	2	2
3129	29	22	2	3	0
3130	29	22	2	3	1
3131	29	22	2	3	2
3132	29	23	0	0	0
3133	29	23	0	0	1
3134	29	23	0	0	2
3135	29	23	0	1	0
3136	29	23	0	1	1
3137	29	23	0	1	2
3138	29	23	0	2	0
3139	29	23	0	2	1
3140	29	23	0	2	2
3141	29	23	0	3	0
3142	29	23	0	3	1
3143	29	23	0	3	2
3144	29	23	1	0	0
3145	29	23	1	0	1
3146	29	23	1	0	2
3147	29	23	1	1	0
3148	29	23	1	1	1
3149	29	23	1	1	2
3150	29	23	1	2	0
3151	29	23	1	2	1
3152	29	23	1	2	2
3153	29	23	1	3	0
3154	29	23	1	3	1
3155	29	23	1	3	2
3156	29	23	2	0	0
3157	29	23	2	0	1
3158	29	23	2	0	2
3159	29	23	2	1	0
3160	29	23	2	1	1
3161	29	23	2	1	2
3162	29	23	2	2	0
3163	29	23	2	2	1
3164	29	23	2	2	2
3165	29	23	2	3	0
3166	29	23	2	3	1
3167	29	23	2	3	2
3168	29	24	0	0	0
3169	29	24	0	0	1
3170	29	24	0	0	2
3171	29	24	0	1	0
3172	29	24	0	1	1
3173	29	24	0	1	2
3174	29	24	0	2	0
3175	29	24	0	2	1
3176	29	24	0	2	2
3177	29	24	0	3	0
3178	29	24	0	3	1
3179	29	24	0	3	2
3180	29	24	1	0	0
3181	29	24	1	0	1
3182	29	24	1	0	2
3183	29	24	1	1	0
3184	29	24	1	1	1
3185	29	24	1	1	2
3186	29	24	1	2	0
3187	29	24	1	2	1
3188	29	24	1	2	2
3189	29	24	1	3	0
3190	29	24	1	3	1
3191	29	24	1	3	2
3192	29	24	2	0	0
3193	29	24	2	0	1
3194	29	24	2	0	2
3195	29	24	2	1	0
3196	29	24	2	1	1
3197	29	24	2	1	2
3198	29	24	2	2	0
3199	29	24	2	2	1
3200	29	24	2	2	2
3201	29	24	2	3	0
3202	29	24	2	3	1
3203	29	24	2	3	2
3204	29	25	0	0	0
3205	29	25	0	0	1
3206	29	25	0	0	2
3207	29	25	0	1	0
3208	29	25	0	1	1
3209	29	25	0	1	2
3210	29	25	0	2	0
3211	29	25	0	2	1
3212	29	25	0	2	2
3213	29	25	0	3	0
3214	29	25	0	3	1
3215	29	25	0	3	2
3216	29	25	1	0	0
3217	29	25	1	0	1
3218	29	25	1	0	2
3219	29	25	1	1	0
3220	29	25	1	1	1
3221	29	25	1	1	2
3222	29	25	1	2	0
3223	29	25	1	2	1
3224	29	25	1	2	2
3225	29	25	1	3	0
3226	29	25	1	3	1
3227	29	25	1	3	2
3228	29	25	2	0	0
3229	29	25	2	0	1
3230	29	25	2	0	2
3231	29	25	2	1	0
3232	29	25	2	1	1
3233	29	25	2	1	2
3234	29	25	2	2	0
3235	29	25	2	2	1
3236	29	25	2	2	2
3237	29	25	2	3	0
3238	29	25	2	3	1
3239	29	25	2	3	2
3240	29	26	0	0	0
3241	29	26	0	0	1
3242	29	26	0	0	2
3243	29	26	0	1	0
3244	29	26	0	1	1
3245	29	26	0	1	2
3246	29	26	0	2	0
3247	29	26	0	2	1
3248	29	26	0	2	2
3249	29	26	0	3	0
3250	29	26	0	3	1
3251	29	26	0	3	2
3252	29	26	1	0	0
3253	29	26	1	0	1
3254	29	26	1	0	2
3255	29	26	1	1	0
3256	29	26	1	1	1
3257	29	26	1	1	2
3258	29	26	1	2	0
3259	29	26	1	2	1
3260	29	26	1	2	2
3261	29	26	1	3	0
3262	29	26	1	3	1
3263	29	26	1	3	2
3264	29	26	2	0	0
3265	29	26	2	0	1
3266	29	26	2	0	2
3267	29	26	2	1	0
3268	29	26	2	1	1
3269	29	26	2	1	2
3270	29	26	2	2	0
3271	29	26	2	2	1
3272	29	26	2	2	2
3273	29	26	2	3	0
3274	29	26	2	3	1
3275	29	26	2	3	2
3276	29	27	0	0	0
3277	29	27	0	0	1
3278	29	27	0	0	2
3279	29	27	0	1	0
3280	29	27	0	1	1
3281	29	27	0	1	2
3282	29	27	0	2	0
3283	29	27	0	2	1
3284	29	27	0	2	2
3285	29	27	0	3	0
3286	29	27	0	3	1
3287	29	27	0	3	2
3288	29	27	1	0	0
3289	29	27	1	0	1
3290	29	27	1	0	2
3291	29	27	1	1	0
3292	29	27	1	1	1
3293	29	27	1	1	2
3294	29	27	1	2	0
3295	29	27	1	2	1
3296	29	27	1	2	2
3297	29	27	1	3	0
3298	29	27	1	3	1
3299	29	27	1	3	2
3300	29	27	2	0	0
3301	29	27	2	0	1
3302	29	27	2	0	2
3303	29	27	2	1	0
3304	29	27	2	1	1
3305	29	27	2	1	2
3306	29	27	2	2	0
3307	29	27	2	2	1
3308	29	27	2	2	2
3309	29	27	2	3	0
3310	29	27	2	3	1
3311	29	27	2	3	2
3312	29	28	0	0	0
3313	29	28	0	0	1
3314	29	28	0	0	2
3315	29	28	0	1	0
3316	29	28	0	1	1
3317	29	28	0	1	2
3318	29	28	0	2	0
3319	29	28	0	2	1
3320	29	28	0	2	2
3321	29	28	0	3	0
3322	29	28	0	3	1
3323	29	28	0	3	2
3324	29	28	1	0	0
3325	29	28	1	0	1
3326	29	28	1	0	2
3327	29	28	1	1	0
3328	29	28	1	1	1
3329	29	28	1	1	2
3330	29	28	1	2	0
3331	29	28	1	2	1
3332	29	28	1	2	2
3333	29	28	1	3	0
3334	29	28	1	3	1
3335	29	28	1	3	2
3336	29	28	2	0	0
3337	29	28	2	0	1
3338	29	28	2	0	2
3339	29	28	2	1	0
3340	29	28	2	1	1
3341	29	28	2	1	2
3342	29	28	2	2	0
3343	29	28	2	2	1
3344	29	28	2	2	2
3345	29	28	2	3	0
3346	29	28	2	3	1
3347	29	28	2	3	2
3348	29	29	0	0	0
3349	29	29	0	0	1
3350	29	29	0	0	2
3351	29	29	0	1	0
3352	29	29	0	1	1
3353	29	29	0	1	2
3354	29	29	0	2	0
3355	29	29	0	2	1
3356	29	29	0	2	2
3357	29	29	0	3	0
3358	29	29	0	3	1
3359	29	29	0	3	2
3360	29	29	1	0	0
3361	29	29	1	0	1
3362	29	29	1	0	2
3363	29	29	1	1	0
3364	29	29	1	1	1
3365	29	29	1	1	2
3366	29	29	1	2	0
3367	29	29	1	2	1
3368	29	29	1	2	2
3369	29	29	1	3	0
3370	29	29	1	3	1
3371	29	29	1	3	2
3372	29	29	2	0	0
3373	29	29	2	0	1
3374	29	29	2	0	2
3375	29	29	2	1	0
3376	29	29	2	1	1
3377	29	29	2	1	2
3378	29	29	2	2	0
3379	29	29	2	2	1
3380	29	29	2	2	2
3381	29	29	2	3	0
3382	29	29	2	3	1
3383	29	29	2	3	2
3384	29	30	0	0	0
3385	29	30	0	0	1
3386	29	30	0	0	2
3387	29	30	0	1	0
3388	29	30	0	1	1
3389	29	30	0	1	2
3390	29	30	0	2	0
3391	29	30	0	2	1
3392	29	30	0	2	2
3393	29	30	0	3	0
3394	29	30	0	3	1
3395	29	30	0	3	2
3396	29	30	1	0	0
3397	29	30	1	0	1
3398	29	30	1	0	2
3399	29	30	1	1	0
3400	29	30	1	1	1
3401	29	30	1	1	2
3402	29	30	1	2	0
3403	29	30	1	2	1
3404	29	30	1	2	2
3405	29	30	1	3	0
3406	29	30	1	3	1
3407	29	30	1	3	2
3408	29	30	2	0	0
3409	29	30	2	0	1
3410	29	30	2	0	2
3411	29	30	2	1	0
3412	29	30	2	1	1
3413	29	30	2	1	2
3414	29	30	2	2	0
3415	29	30	2	2	1
3416	29	30	2	2	2
3417	29	30	2	3	0
3418	29	30	2	3	1
3419	29	30	2	3	2
3420	29	31	0	0	0
3421	29	31	0	0	1
3422	29	31	0	0	2
3423	29	31	0	1	0
3424	29	31	0	1	1
3425	29	31	0	1	2
3426	29	31	0	2	0
3427	29	31	0	2	1
3428	29	31	0	2	2
3429	29	31	0	3	0
3430	29	31	0	3	1
3431	29	31	0	3	2
3432	29	31	1	0	0
3433	29	31	1	0	1
3434	29	31	1	0	2
3435	29	31	1	1	0
3436	29	31	1	1	1
3437	29	31	1	1	2
3438	29	31	1	2	0
3439	29	31	1	2	1
3440	29	31	1	2	2
3441	29	31	1	3	0
3442	29	31	1	3	1
3443	29	31	1	3	2
3444	29	31	2	0	0
3445	29	31	2	0	1
3446	29	31	2	0	2
3447	29	31	2	1	0
3448	29	31	2	1	1
3449	29	31	2	1	2
3450	29	31	2	2	0
3451	29	31	2	2	1
3452	29	31	2	2	2
3453	29	31	2	3	0
3454	29	31	2	3	1
3455	29	31	2	3	2
